,0,1,2,3,4,5,6,7,8,9,10,11,12,13,14,15,16,17,18,19,20,21,22,23,24
0,Ф√╟Е⌠│,NEC,LL550,О╪▓,Г│╞,Е╪▐,Ф╤╡Ф≥╤,Ц┌╓Ц┐Ё,Ц┐░Ц┐╪Ц┌©Ц┐╪,PK07009G00,,,,,,,,,,,,,,,
1,PCG,-,Z1XE,/,B,Z1,/,P,Z1X,/,P,Z1V,/,P,Z1R,/,P,Г■╗,CD,И─ёФ▌╔,Г╚╞Е╜░,/,Z1P,-,cdcon3
2,Ф√╟Е⌠│,512mb,/,DDR2,-,667,/,PC5300,/,SONY,VGN,-,FJ10,FJ11,VGN,-,BX90,BX96,,,,,,,
3,PCG,-,Z1,/,P,Z1X,/,P,Z1V,/,P,Z1R,/,P,Z1VE,Z1XE,/,B,Г■╗,Ф╤╡Ф≥╤,Ц┌╠Ц┐╪Ц┐√Ц┐╚,/,Z1P,-,cab
4,GR5E,/,BP,GR5F,/,BP,GR9,/,K,GR3N,Г■╗,14,.,1,Е·▀,Ф╤╡Ф≥╤,Ц┌╓Ц┐Ё,Ц┐░Ц┐╪Ц┌©Ц┐╪,/,GR5E,-,inv,,,
5,PCG,-,GR5F,/,BP,GR7,G9,/,K,R3N,/,BP,Г■╗,Ф╤╡Ф≥╤,Ц┌╠Ц┐╪Ц┐√Ц┐╚,/,gr5fcable,,,,,,,,
6,Г┬├Г≥╨,Ц┌╧Ц┌©,1,Е├├,-,Г╬▌,Е⌠│,/,SONY,-,VAIO,-,S70,-,Ц┌╥Ц┐ёЦ┐ЁЦ┐▒Ц┐Ё,Ц┌╢Ц┐╪Ц┐╚Ц┐┴,/,2GB,,,,,,,
7,Г┬├Г≥╨,Ц┌╧Ц┌©,О╪▒,Е├├,Ц┐╛Ц┐┐Ц┐┴,*,SONY,-,VAIO,-,VGN,-,CS62JB,*,2GB,/,300GB,/,OFFICE,,,,,,
8,Ф√╟Ф≤╔,Г┴╧Д╬║,Windows,8,/,7,/,XP,/,Vista,И╚≤И─÷,Е▄√,Ц┌╫Ц┐∙Ц┐┬,И╘ ,И─÷,Г╒╨Е╝÷,И╚≤И─÷,,,,,,,,
9,SONY,VGN,-,CR92HS,/,Core2Duo2,.,1GHz,/,120G,/,DVD,б╠,RW,/,14WideTFT,/,OS,,,,,,,
10,Ц┌╦Ц┐ёЦ┐ЁЦ┌╞,SONY,Ц┐▒Ц┐╞Ц┐╪Ц┌╒Ц┐┐Ц┐≈,",Ц┌╧Ц┐├Ц┐╪Ц┌╥Ц┐╖Ц┐","Ё,Ц┌",╧,Ц┐├Ц,,,,,,,,,,,,,,,,,,
11,Ф√╟Е⌠│,И─│Ф√≥,140,Е├├,SONY,VGN,-,CS,CPU,Ц┐∙Ц┌║Ц┐Ё,MCF,-,C29BM05,,,,,,,,,,,,
12,╤,",Д╦",а,"Х┬╛,",,,,,,,,,,,,,,,,,,,,,
13,Ф√╟Е⌠│,1GB,/,DDR2,-,667,/,PC5300,/,SONY,VGN,-,FJ10,FJ11,VGN,-,BX90,BX96,,,,,,,
14,Ф°┴,О╪ЁО╪╞О╪╝О╪╧,О╪╤О╪║О╪╘О╪╞,О╪╤О╪╟О╪ёО╪╔О╪║О╪⌠О╪║О╪╕О╪╙,Ц┐■Ц┐ЁЦ┌╞,,,,,,,,,,,,,,,,,,,,
15,VGN,-,CR72B,CR62B,CR92,CR61B,CR60B,CS90,Г■╗,Ц┐·Ц┌╓Ц┌╞,Е┘╔Е┼⌡,/,CR72B,-,mic,,,,,,,,,,
16,FJ91S,FJ21B,FJ11B,FJ22B,FJ92,FJ12B,Г■╗,ilink,/,FJ91S,-,ilink,,,,,,,,,,,,,
17,PCG,-,Z1,/,P,Z1X,/,P,Z1V,/,P,Z1R,/,P,Z1VE,Z1XE,/,B,Г■╗,Ц┌╒Ц┐Ё,Ц┐├Ц┐┼Ц┐╪,/,Z1P,-,an
18,PCG,-,Z1,/,P,Z1X,/,P,Z1V,/,P,Z1R,/,P,Z1VE,Z1XE,/,B,Г■╗,Ц┐▓Ц┐ЁЦ┌╦Ц┌╚Ц┐░Ц┐╪,/,Z1P,-,hgc,
19,VAIO,PCG,-,952B,PCG,-,FX55,/,BP,Ц┌╦Ц┐ёЦ┐ЁЦ┌╞,,,,,,,,,,,,,,,
20,FJ21B,FJ11B,FJ22B,FJ92,FJ12B,FJ90,FJ91,Г■╗,Г├╠,Ф²©,/,FJ21B,-,hp,,,,,,,,,,,
21,Ф√╟Е⌠│,512mb,/,DDR2,/,PC5300,/,SONY,VGN,-,FJ21,FJ22,FJ91,FJ90VGN,-,BX94,,,,,,,,,
22,PCG,-,GR5F,/,BP,GR7,/,K,GR9,/,K,GR3N,/,BP,Г■╗,CPU,Ц┐∙Ц┌║Ц┐Ё,/,gr5f,-,fan3,,,,
23,Д╦╜Е▐╓,Е⌠│,SONY,VAIO,VGN,-,CS90HS,Г╬▌,Е⌠│,Х╗Ё,",Ц┌",,,,,,,,,,,,,,
24,Windows7,Г╬▌,Е⌠│,VAIO,VPCCW28FJ,Core,i3,2,.,13GHz,4GB,500GB,,,,,,,,,,,,,
25,PCG,-,Z1,/,P,Z1X,/,P,Z1V,/,P,Z1R,/,P,Z1VE,Г■╗,DVD,И─ёФ▌╔,Ц┌╠Ц┐╪Ц┐√Ц┐╚,/,Z1P,-,dvdcon,,
26,VAIO,VPCEA,Ц┌╜Ц┐╪Ц┐°Ц┐╪Ц┐┴,Ц┌╕Ц┌╗Ц┌╒,VGP,-,KBV4,/,P,Д╫©Г■╗,Е⌠│,,,,,,,,,,,,,,
27,PCG,-,GR5F,/,BP,GR7,/,K,GR9,GR3N,Г■╗,Ц┐▓Ц┐ЁЦ┌╦Ц┌╚Ц┐░Ц┐╪,Х·╨Е╜░,Д╦─И┐╗,/,gr5f,-,nj3,,,,,,,
28,DDR,Ф√╟Е⌠│,512MB,/,pc2700,/,Sony,PCG,-,Z1,Z1R,Z1T,PCG,-,NV55,NV77m,NV90,,,,,,,,
29,Ф√╟Е⌠│,1GB,/,DDR2,-,667,/,PC5300,/,SONY,VGN,-,FJ21,FJ22,FJ91,FJ90VGN,-,BX94,,,,,,,
30,Ф√╟Е⌠│,512MB,Ц┐║Ц┐╒Ц┐╙,/,144Pin,/,sony,R505,FX11,FX55,FX77z,GR3,GR9,GR7,,,,,,,,,,,
31,DDR,Ф√╟Е⌠│,512MB,/,pc2700,/,Sony,PCG,-,GRX99,GRT99V,FR77G,Z1T,GRX102,,,,,,,,,,,
32,Ф√╟Е⌠│,2GB,/,DDR2,-,667,/,PC5300,/,type,C,/,VGN,-,CR70B,CR71B,CR72B,CR90HS,,,,,,,
33,DDR,Ф√╟Е⌠│,512MB,/,pc2700,/,Sony,PCG,-,NV95,V505,GRX72,GRs55,GRS900,,,,,,,,,,,
34,DDR,Ф√╟Е⌠│,512MB,/,pc2700,/,Sony,PCG,-,GRZ77,GRS72v,FR33,Z1V,GRX51,,,,,,,,,,,
35,PCG,-,Z1,/,P,Z1X,/,P,Z1V,/,P,Z1R,/,P,Z1VE,Z1XE,/,B,Г■╗,"┐╪Ц┌╚,Ц┌╧Ц┐■",Ц,┐╪Ц,┌,╚,
36,Ц┌╫Ц┐▀Ц┐╪,PCG,-,GR5E,PenБ┘╒,/,Х⌡█Е┘┴,Г╝║,Д╨╓Ф▐⌡,Ф╦┬Ц│©,/,Ф√╟Е⌠│,HDD40GB,/,DVD,,,,,,,,,,
37,SONY,E,Ц┌╥Ц┐╙Ц┐╪Ц┌╨,14P,Core,i5,3210M,4GB,750GB,Ц┐√Ц┐╚Ц┐╪,Ц┐╛Ц┌╓,Blu,-,ray,,,,,,,,,,,
38,Ф√╟Е⌠│,512MB,Ц┐║Ц┐╒Ц┐╙,/,144Pin,/,PCG,-,GR3N,GR5N,GR9F,FX11J,FX55Z,FX77Z,,,,,,,,,,,
39,SONY,VAIO,VPCEA4AFJ,Ц┐╙Ц┌╚Ц┐░Ц┐╙Ц┐╪Ц┐┤Ц┌ёЦ┌╧Ц┌╞,Е█ЁФ╠╨,И─│Ф√≥,Г└║Ф√≥,,,,,,,,,,,,,,,,,,
40,VAIO,VPCEA,Ц┌╜Ц┐╪Ц┐°Ц┐╪Ц┐┴,Ц┌╕Ц┌╗Ц┌╒,VGP,-,KBV4,/,L,Д╫©Г■╗,Е⌠│,,,,,,,,,,,,,,
41,"░█Х╘·,",Д╦─,Х┬╛,"*,*,",",*,Ф",╔,╣Д╦┼,",",Ц┌╢,Ц,┌╞Ц┌╦,Ц,"┐╖Ц┌╕,Ц┌╢Ц",┌╞Ц,,,,,,,,,,,
42,Ф√╟Е⌠│,VGN,-,FZ90NS,VGN,-,FZ90S,VGN,-,FZ90HS,Ф≈╔Ф°╛Х╙·,Ц┌╜Ц┐╪Ц┐°Ц┐╪Ц┐┴,Г≥╫,,,,,,,,,,,,
43,Ф√╟Е⌠│,И─│Ф√≥,140,Е├├,SONY,VGN,-,CS,CPU,Ц┐∙Ц┌║Ц┐Ё,MCF,-,C29BM05,,,,,,,,,,,,
44,Ф═╪Е╝┴,HDD,Д╨╓Ф▐⌡,Ц┐▐Ц┐╪Ц┐┴Ц┐┤Ц┌ёЦ┌╧Ц┌╞,Д╨╓Ф▐⌡,/,Ц┐┤Ц┐╪Ц┌©,Г╖╩Х║▄,/,Ц┐▒Ц┌╫Ц┌ЁЦ┐Ё,Д©╝Г░├,,,,,,,,,,,,,,
45,Г┬├Г≥╨,Ц┌╧Ц┌©,1,Е├├,*,Г╬▌,Е⌠│,*,SONY,-,VAIO,-,VPCCW28FJ,/,COREi3,/,4GB,/,500GB,,,,,,
46,"░█Х╘·,","Х┬╛,",",","*,*,*,Д╦╜Е▐╓",Ц┐│Ц┐╔Ц┌╕,Ц,┌,",",Ц┐│Ц,┐,,,,,,,,,,,,,,,
47,PCG,-,Z1XE,/,B,Z1,/,P,Z1X,/,P,Z1V,/,P,Z1R,/,P,Z1VE,Г■╗,Г└║Г╥ ,Lan,/,Z1P,-,wlan3
48,VGN,-,CR72B,CR62B,CR92,CR61B,CR60B,CS90,Г■╗,Х║╗Г╓╨,И┐╗Е⌠│,/,CR72B,-,lee,,,,,,,,,,
49,049,SONY,VAIO,VGN,-,BX4AA,C2D,@,1,.,8GHz,DRAM,:,1,.,5G,HDD,:,80G,Win7,,,,,
50,Г┬├Г≥╨,Ц┌╧Ц┌©,1,Е├├,*,Ц│▀Ц│╙Ц┌┼,Г╬▌,Е⌠│,*,SONY,-,VAIO,-,VPCEG4FJ,/,DUAL,-,CORE,/,4GB,,,,,
51,Ф√╟Е⌠│,Е█ЁФ╠╨,SONY,VAIO,typeC,Е╞╬Е©°,Ц┌╜Ц┐╪Ц┐°Ц┐╪Ц┐┴,Ц┌╚Ц┐░Ц┐╪,PKB,-,VAC2,,,,,,,,,,,,,,
52,DDR,Ф√╟Е⌠│,1GB,/,pc2700,/,Sony,PCG,-,GRX99,GRT99V,FR77G,Z1T,GRX102,,,,,,,,,,,
53,Ф√╟Е⌠│,Sony,VAIO,PCG,-,61211T,61212w,PCG,-,61113T,Ф╤╡Ф≥╤,Ц┐▒Ц┐█Ц┐╚,,,,,,,,,,,,,
54,FJ21B,FJ11B,FJ22B,FJ92,FJ12B,FJ90,FJ91,Г■╗,i,-,link,?/,FJ21B,-,ilink,,,,,,,,,,
55,GR5E,/,BP,GR5F,/,BP,GR9,/,K,GR3N,Г■╗,14,.,1,Е·▀,SXGA,+,Ф╤╡Ф≥╤,Ц┌╠Ц┐╪Ц┐√Ц┐╚,/,GR5E,-,cab,,
56,PCG,-,GR5E,/,BP,GR5F,/,BP,GR9,/,K,GR3N,GR7,/,K,Г■╗,HD,Е⌡╨Е╝ ,+,Ц┌╚Ц┐░Ц┐╪,/,GR5E,-,hds,
57,FJ21B,FJ11B,FJ22B,FJ92,FJ12B,FJ90,Г■╗,Ц┌╧Ц┐■Ц┐╪Ц┌╚Ц┐╪,/,FJ21B,-,spk,,,,,,,,,,,,,
58,PCG,-,GR5F,/,BP,GR7,/,K,GR9,/,K,GR3N,/,BP,Г■╗,HD,Ц┐·Ц┌╕Ц┐ЁЦ┐─Ц┐╪,/,gr5f,-,hdm3,,,,
59,PCG,-,Z1,/,P,Z1X,/,P,Z1V,/,P,Z1R,/,P,Z1VE,Z1XE,Г■╗,Lan,Ц┌ЁЦ┐█Ц┌╞Ц┌©,/,Z1P,-,usb,,
60,Ф√╟Е⌠│,2GB,/,DDR2,-,667,/,PC5300,/,type,BX,Ц┌╥Ц┐╙Ц┐╪Ц┌╨,/,VGN,-,BX4AA,VGN,-,BX6AA,,,,,,
61,Ф√╟Ф≤╔,Г┴╧Д╬║,Г╘╤Ф╔╣,Ц┌╒Ц┐╚Ц┐├Ц┌ёЦ┐║Ц┐┐Ц┐┬Ц┐╕Ц┐╪Ц┐├Ц┌ёЦ┐╙Ц┐├Ц┌ё,Windows8,/,7,Е╓ Г╗╝,Е╞╬Е©°,,,,,,,,,,,,,,,,
62,Ф√╟Е⌠│,SONY,E,Ц┌╥Ц┐╙Ц┐╪Ц┌╨,14P,SVE14AA12T,Ф╤╡Ф≥╤,Ц┐▒Ц┐█Ц┐╚,1600,x,900,,,,,,,,,,,,,,
63,FJ21B,FJ11B,FJ22B,FJ92,FJ12B,FJ90,Г■╗,PC,Ц┌╚Ц┐╪Ц┐┴,Ц┌╚Ц┐░Ц┐╪,/,FJ21B,-,pcc,,,,,,,,,,,
64,Д╦╜Е▐╓,SONY,Ц┐▌Ц┐╪Ц┐┬,PC,PCG,-,7U1N,,,,,,,,,,,,,,,,,,
65,VAIO,VGP,-,AC19V13,AC,"Ц┐─Ц┐≈Ц┌©,Ц┌",╒,Ц┐─,Ц,┐,≈,Ц┌©,",",Ц┌,╒,Ц┐─,Ц,┐,,,,,,,
66,Ф√╟Е⌠│,SONY,VAIO,Ц┌╫Ц┐▀Ц┐╪,VPCCA3AJ,Ф╤╡Ф≥╤,Ц┐▒Ц┐█Ц┐╚,1600,*,900,,,,,,,,,,,,,,,
67,VAIO,VGN,-,CS50B,Г■╗,Ц┐╙Ц┌╚Ц┐░Ц┐╙,Ц┐┤Ц┌ёЦ┌╧Ц┌╞,,,,,,,,,,,,,,,,,,
68,VGN,-,FJ11B,/,CM370,/,1024M,/,120G,/,DVDS,Ц┐·Ц┐╚Ц┐│,/,WEB,Ц┌╚Ц┐║Ц┐╘,,,,,,,,,,
69,VGN,-,CR61B,_,N,BIOS,OK,"ёЦ┐ЁЦ┌╞,Ц┌╦Ц","┐ёЦ┐ЁЦ┌╞,Ц┌╦",,,,,,,,,,,,,,,,
70,Vaio,VGN,ГЁ╩,Bios,Ц┐▒Ц┌╧Ц┐╞Ц┐╪Ц┐┴,",Ц┐▒Ц┌",╞Ц,"┐╪Ц┐┴,",Ц┐▒Ц┌╧,,,,,,,,,,,,,,,,
71,VAIO,PCG,-,Z1,",*,*,*,Ц┌╥Ц┐",",Е╞╬Е©",",Ц┌",╩Ц┐└Ц┌,╬Ц┌,"╞,Ц┌╩Ц",,,,,,,,,,,,,,,
72,VAIO,PCG,-,Z1,",*,*,*,Ц┌╥Ц┐",",Е╞╬Е©",",",Ц,┌,©Ц┌╓Ц┌,"╙Ц┌╕,Ц┌©Ц",,,,,,,,,,,,,,
73,И≥░Е╝ ,1,Е▐╟,SONY,VAIO,Fit,14A,SVF14N29EJP,Ц┐■Ц┐ЁЦ┌╞,/,Ф√╟Е⌠│,Д©²Х╗╪,Д╩≤,,,,,,,,,,,,
74,И≥░Е╝ ,1,Е▐╟,SONY,VAIO,E,Ц┌╥Ц┐╙Ц┐╪Ц┌╨,SVE14139CJB,Ц┐√Ц┐╘Ц┐┐Ц┌╞,/,Ф√╟Е⌠│,Д©²Х╗╪,,,,,,,,,,,,,
75,s14,Ц┐▌Ц┐╪Ц┐┬,PC,Ф╤╡Ф≥╤,Ц┐░Ц┐┐Ц┌╞,Ц┐╘Ц┌╓Ц┐┬,Д╨╓Ф▐⌡,Д©╝Г░├,Е┘╗И┐╗,5,000,Е├├,Б≈├Б▒╔,,,,,,,,,,,,
76,VAIO,PCG,-,Z1,/,P,Ц┌©Ц┐┐Ц┐│Ц┐▒Ц┐┐Ц┐┬Ц┐╕Ц┐▀Ц┐┐Ц┐┬,Д©²Е╝┬,Г■╗,И┐╗Е⌠│,,,,,,,,,,,,,,,
77,VAIO,VGN,-,BX90S,Cel,.,M1G,/,768M,/,60G,/,14,.,Е·▀,XGA,/,DVD,/,Win7,+,2007,,,
78,VAIO,PCG,-,Z1,/,P,И⌡╩Ф╨░,Ц┌╧Ц┌╓Ц┐┐Ц┐│,Ц┐╕Ц┐▀Ц┐┐Ц┐┬,Д©²Е╝┬,Г■╗,И┐╗Е⌠│,,,,,,,,,,,,,
79,VAIO,PCG,-,Z1,/,P,Ц┐║Ц┐╒Ц┐╙Ц┐╪Ц┌╧Ц┌╓Ц┐┐Ц┐│Ц┐╕Ц┐▀Ц┐┐Ц┐┬,Д©²Е╝┬,Г■╗,И┐╗Е⌠│,,,,,,,,,,,,,,,
80,VAIO,PCG,-,Z1,/,P,Г└║Г╥ ,LAN,"▀Ц┐┐Ц┐┬,Ц┐╕Ц","┐┐Ц┐┬,",Ц┐╕,Ц┐▀Ц┐┐,,,,,,,,,,,,,
81,Windows,Vista,14,.,1,Е·▀,VAIO,TYPE,C,VGN,-,CR60B,/,R,Ц│┼Ц│╬Ц│▒,Д╩≤,,,,,,,,,
82,SONY,VAIO,VGN,-,FJ11B,Celeron,M,,,,,,,,,,,,,,,,,,
83,И≥░Е╝ ,1,Е▐╟,SONY,VAIO,Fit,SVF14A19CJS,Ц┌╥Ц┐╚Ц┐░Ц┐╪,/,Ф√╟Е⌠│,Д©²Х╗╪,Д╩≤,,,,,,,,,,,,,
84,Ц┌╦Ц┐ёЦ┐ЁЦ┌╞,SONY,VAIO,VGN,-,FJ11B,Ц┐│Ц┌╖Ц┐┐Ц┌╞,F,J164625,,,,,,,,,,,,,,,,
85,SONY,Ц┌╫Ц┐▀Ц┐╪,VAIO,PCG,-,61813N,/,VPCCA4AJ,/,COREi5,-,2450M,/,2,.,50GHz,/,8GB,,,,,,,
86,Ф╤╡Ф≥╤,Ц┌╜Ц┐╛Ц┌╓,VGN,-,FJ11B,/,CM370,/,1024M,/,120G,/,DVDS,Ц┐·Ц┐╚Ц┐│,,,,,,,,,,,
87,s14,Ц┐▌Ц┐╪Ц┐┬,PC,И⌡╩Ф╨░,Ц┌╦Ц┐ёЦ┐┐Ц┌╞,Д©╝Г░├,Д╫°Ф╔╜,Д╩ёИ┤▒,5,000,Е├├,Б≤├Б▒╔,,,,,,,,,,,,,
88,Ф√╟Е⌠│,SONY,VAIO,E,Ц┌╥Ц┐╙Ц┐╪Ц┌╨,SVE14A19FJW,Ф╤╡Ф≥╤,Ц┐▒Ц┐█Ц┐╚,,,,,,,,,,,,,,,,,
89,3488,Б√═=,Ц┌╫Ц┐▀Ц┐╪,VPCCW28FJ,Г■╗,DVD,Ц┌╧Ц┐╪Ц┐▒Ц┐╪,Ц┐·Ц┐╚Ц┐│,(,GT20N,),,,,,,,,,,,,,,
90,3490,Б√═=,Ц┌╫Ц┐▀Ц┐╪,VPCCW28FJ,Г■╗,Г└║Г╥ ,LAN,Ц┌╚Ц┐╪Ц┐┴,(,AR5B95,),,,,,,,,,,,,,,
91,3484,Б√═=,Ц┌╫Ц┐▀Ц┐╪,VPCCW28FJ,Г■╗,Ц┌╠Ц┐╪Ц┌╧,/,Ц┐·Ц┌╤Ц┐╪,Ц┐°Ц┐╪Ц┐┴,/,CPU,:,Corei3,,,,,,,,,,,,
92,SONY,VAIO,HDD,Ц┐·Ц┌╕Ц┐ЁЦ┌©Ц┐╪,FX,"┐╙Ц┐╪Ц┌╨,Ц┌╥",,,,,,,,,,,,,,,,,,,
93,3486,Б√═=,Ц┌╫Ц┐▀Ц┐╪,VPCCW28FJ,Г■╗,"╪Ц┐┴,Ц┌╜Ц┐╪Ц┐°Ц",┐,"╪Ц┐┴,Ц┌╜",Ц,,,,,,,,,,,,,,,,
94,V),,,,,,,,,,,,,,,,,,,,,,,,
95,ARGtek,Е╟▐Е·▀,Ц┐▐Ц┌╓,Ц┐▒Ц┐╞Ц┐╪,316mW,11n,Г└║Г╥ ,LAN,USB,Ц┌╒Ц┐─Ц┐≈Ц┌©Ц┐╪,(,Ф╓°,gsky,,,,,,,,,,,,
96,3485,Б√═=,Ц┌╫Ц┐▀Ц┐╪,VPCCW28FJ,Г■╗,14,Ц┌╓Ц┐ЁЦ┐│,Ц┐╞Ц┌╓Ц┐┴,Ф╤╡Ф≥╤,(,Е┘┴Ф╡╒,),,,,,,,,,,,,,
97,Ц┌╦Ц┐ёЦ┐ЁЦ┌╞,Х╘·,",",Г╣└Г╧■,,,,,,,,,,,,,,,,,,,,,
98,3489,Б√═=,Ц┌╫Ц┐▀Ц┐╪,VPCCW28FJ,Г■╗,HD,Ц┐·Ц┌╕Ц┐ЁЦ┐┬,,,,,,,,,,,,,,,,,,
99,SONY,Хё╫,Ц┐╙Ц┐│Ц┌╕Ц┐═Ц┌╓Ц┌╙Ц┐ЁЦ┐░Ц┐┐Ц┐├Ц┐╙Ц┐╪,VGP,-,BPS9A,/,B,Д╦╜Е▐╓,Х┴╞Е⌠│,,,,,,,,,,,,,,,
100,POWERLINK,1000mW,300Mbps,/,11n,Г└║Г╥ ,LAN,USB,Ц┌╒Ц┐─Ц┐≈Ц┌©Ц┐╪,(,Ф╓°,gsky,,,,,,,,,,,,,
101,Ф√╟Е⌠│,NEC,LaVie,PC,-,LL750BS1YW,(,LL750,/,BS1YW,),Г■╗,Ц┌╓Ц┐Ё,Ц┐░Ц┐╪Ц┌©Ц┐╪,,,,,,,,,,,
102,Ф√╟Е⌠│,NEC,LaVie,LL750,/,BS6P,PC,-,LL750BS6P,Ц┌╓Ц┐Ё,Ц┐░Ц┐╪Ц┌©Ц┐╪,,,,,,,,,,,,,,
103,Ф√╟Е⌠│,NEC,LaVie,PC,-,LL750BS1YR,(,LL750,/,BS1YR,),Г■╗,Ц┌╓Ц┐Ё,Ц┐░Ц┐╪Ц┌©Ц┐╪,,,,,,,,,,,
104,Ф√╟Е⌠│,NEC,LaVie,LL750,/,BS6R,PC,-,LL750BS6R,Ц┌╓Ц┐Ё,Ц┐░Ц┐╪Ц┌©Ц┐╪,,,,,,,,,,,,,,
105,Ф°╛Г┴╘,Д©²Х╗╪,ALFA,2000mW,11n,Г└║Г╥ ,LAN,USB,AWUS036NH,(,Ф╓°,gsky,,,,,,,,,,,,,
106,SONY,VGN,-,FJ11B,CelM,1,.,5GHz,512MB,60GB,XP,Ц┌╦Ц┐ёЦ┐ЁЦ┌╞,#,410,-,113,,,,,,,,,
107,Sony,VAIO,Core2Duo,2,.,4GHz,2GB,250GB,Windows7,Office,,,,,,,,,,,,,,,
108,Ф√╟Е⌠│,SONY,VGN,-,FZ31B,VGN,-,FZ32B,VGN,-,FZ51B,Ф≈╔Ф°╛Х╙·,Ц┌╜Ц┐╪Ц┐°Ц┐╪Ц┐┴,Г≥╫,,,,,,,,,,,
109,Ц┐▐Ц┐╪Ц┐┴,Г▌▀,SONY,VAIOVPCEB48FJ,/,Corei3M380,/,4GB,/,500GB,/,Win7N657,,,,,,,,,,,,,
110,SONY,VAIO,VGN,FS33B,/,WHITE,Ц┐∙Ц┌╖Ц┐╙Ц┌╚Ц┐²Ц┐╪Ц┐┬,Е▀∙Д╫°,Г╒╨Х╙█,OK,Ф©─,Е╝┴,,,,,,,,,,,,,
111,Г╬▌,Е⌠│,SONY,VAIO,VGN,-,CS91HS,32О╪░О╪╖О╪╒,Win8,.,1,Ф░╜Х╪┴,Е▀∙Д╫°,Е⌠│,,,,,,,,,,,
112,&#,9825,;Ц──,Г╬▌,Е⌠│,SONY,VAIO,VGN,-,CS50B,Win8,.,1,Ф░╜Х╪┴,Ц──&#,9825,;,,,,,,,,
113,SONY,(,Ц┌╫Ц┐▀Ц┐╪,),VAIO,PCG,-,F50,Ф╤╡Ф≥╤,Ц┌╠Ц┐╪Ц┐√Ц┐╚,Е▀∙Д╫°,Г╒╨Х╙█,Ф╦┬,,,,,,,,,,,,
114,SONY,(,Ц┌╫Ц┐▀Ц┐╪,),VAIO,PCG,-,FX33V,/,BP,Ф╤╡Ф≥╤,Ц┌╠Ц┐╪Ц┐√Ц┐╚,Е▀∙Д╫°,Г╒╨Х╙█,Ф╦┬,,,,,,,,,,
115,SONY,(,Ф°┴Е░█Х╘·,",",╣└Г╧,",*,",*,",*,",┌╫Ц┐▀Ц,"╪,Ц┌╫Ц",",Ц┌╚Ц┌",╞Ц┐,,,,,,,,,,,,,
116,SONY,VAIO,VGN,-,CS50B,Ц┌╦Ц┐ёЦ┐ЁЦ┌╞,"┐Ё,Ц┐√",Ц┐▓Ц┐Ё,,,,,,,,,,,,,,,,,
117,SONY,(,Ц┌╫Ц┐▀Ц┐╪,),VAIO,PCG,-,F50,Ц┌╓Ц┐Ё,Ц┐░Ц┐╪Ц┌©Ц┐╪,Е▀∙Д╫°,Г╒╨Х╙█,Ф╦┬,,,,,,,,,,,,
118,Core,iО╪⌠,VPCCA1AFJ,-,Bluray,/,О╪≤G,/,500G,/,Г└║Г╥ ,/,HDMI,/,B,',tooth,/,DtoD,,,,,,
119,Х╗Ё,SONY,VAIO,VPCCW28FJ,/,W,Core,i3,A,J161167,,,,,,,,,,,,,,,
120,Ф√╟Е⌠│,И─│Ф√≥,140,SONY,VAIO,Type,C,VGN,-,CS,CPU,Ц┐∙Ц┌║Ц┐Ё,Ц│┼Ц│╬Ц│▒,Д╩≤,,,,,,,,,,,
121,Г╬▌,Е⌠│,SONY,VAIO,VGN,-,CS90NS,Win8,.,1,┐▀Ц┐╔Ц,Ц┐┴,Ц┐╪,Ц┐▀,,,,,,,,,,,
122,SONY,VGN,-,FJ11B,/,W,CEL,M,370,Ц┐▌Ц┐╪Ц┐┬Ц┐√Ц┐┐Ц┌╞,,,,,,,,,,,,,,,
123,И╚≤И─÷,VAIO,type,F,FZ,VGN,-,FZ91,FZ91S,Е╞╬Е©°,Ц┐║Ц┐╒Ц┐╙,PC5300,1GB,,,,,,,,,,,,
124,Vaio,VPC,-,EA,VPC,-,EB,Г■╗,CPU,Ц┐∙Ц┌║Ц┐Ё,UDQFRZH14CF0,Ф√╟Е⌠│,Ц┐║Ц┐╪Ц┐╚,Д╬©,,,,,,,,,,,
125,Ф√╟Е⌠│,NEC,LL750,/,BS,Ц┌╓Ц┐Ё,Ц┐░Ц┐╪Ц┌©Ц┐╪,PK07009G00,T51I090,.,00,,,,,,,,,,,,,,
126,DVDRW,Б≥╙,И╚≤И─÷,О╪ёО╫▐О╫▓О╫┘2,-,2,.,4G,Б≥╙/,SONY,VAIO,Ц┐▌Ц┐╪Ц┐┬,/,VGN,-,BX4AAPS,/,N450,,,,,,,
127,И╚≤И─÷,VAIO,type,U,VGN,-,UX92NS,VGN,-,UX72,Е╞╬Е©°,Ц┐║Ц┐╒Ц┐╙,PC2,-,5300,1GB,,,,,,,,,
128,Ф√╟Ф≤╔,Г┴╧Д╬║,Ц┐≈Ц┐╜Ц┐─Ц┌╞Ц┐┬,Ц┌╜Ц┐╪,Х╖ёФ·░,Е╓┴Ф⌡╢,Windows,8,/,7,Office2010,Е╞╬Е©°,PRO,,,,,,,,,,,,
129,SONY,Г╢■Ф╜ё,VGN,-,A,VGN,-,K,PCG,-,GRT55F,/,B,Е╞╬,Е©°Г■╗,AC,19,.,5V,/,6,.,15A,,
130,Ц┐╞Ц┌╓Ц┐Ё,Ц┐╛Ц┐┐Ц┐┴,Vaio,VGN,-,CR60B,core2duo,2,.,2GHz,*,,,,,,,,,,,,,,
131,Д╦╜Е▐╓,Г╬▌,Е⌠│,VGN,-,FJ92S,HDD100GB,Ц┐╙Ц┌╚Ц┐░Ц┐╙,И═≤Е÷÷,,,,,,,,,,,,,,,,
132,Ф√╟Е⌠│,NEC,LL750,/,BS,Ц┌╓Ц┐Ё,Ц┐░Ц┐╪Ц┌©Ц┐╪,PK07009G00,T51I090,.,00,,,,,,,,,,,,,,
133,[,"█Х╘·,Д",╦,Х┬╛,",","*,*,","*,*",",Д╦╜Е▐╓,Ц┐│Ц┐╔Ц",┌,"╕Ц┌Ё,Ц┐│Ц┐",,,,,,,,,,,,,,,
134,PCG,-,Z1,/,P,Z1X,/,P,Z1V,/,P,Z1R,/,P,Z1VE,Z1XE,/,B,Г■╗,Г└║Г╥ ,Lan,/,Z1P,-,wlan
135,VAIO,SVE14A1AJ,Core,i5,2450M,/,500GB,/,4GB,/,HDMI,/,Win7,/,Office2010,,,,,,,,,,
136,B06,Ф√╟Е⌠│,SONY,VAIO,PCGA,-,BP71,4400mAh,Д╨▓Ф▐⌡,"├Ц┐╙Ц┐╪,Ц┐░Ц┐┐Ц",,,,,,,,,,,,,,,
137,SONY,VAIO,VGN,-,CS52JB,/,W,Vista,/,Core2Duo,P8600,Ц┌╦Ц┐ёЦ┐ЁЦ┌╞,,,,,,,,,,,,,
138,14,Е·▀,Ф╤╡Ф≥╤,Ц┐╒Ц┐▀Ц┌©Ц┐╪,SVE14AFJW,/,SVE19FJW,/,SVE14A1AJ,,,,,,,,,,,,,,,,
139,Ф√╟Е⌠│,NEC,LaVie,LL750,/,BS6B,PC,-,LL750BS6B,Г■╗,Ц┌╓Ц┐Ё,Ц┐░Ц┐╪Ц┌©Ц┐╪,,,,,,,,,,,,,
140,MB,_,Z6031313A,SONY,VAIO,VPCEH28FJ,i5,-,2430M,4GB,Е▀∙Д╫°,Г╒╨Х╙█,Ф╦┬,,,,,,,,,,,,
141,0463,SVE14A1AJ,Core,i5,3320M,2,.,60GHz,4GB,500GB,DVDS,Ц┐·Ц┐╚Ц┐│,,,,,,,,,,,,,
142,SONY,Ц┐▌Ц┐╪Ц┐┬,Е╞╬Е©°,2GB,PC3,-,1333,204Pin,[,VAIO,Ц┌╥Ц┐╙Ц┐╪Ц┌╨,],Е█ЁФ╠╨,Г⌡╦Ф─╖,Д©²Х╗╪,,,,,,,,,,
143,И─│Ф√≥,Г└║Ф√≥,VAIO,VPCEG2AJ,Windows7,Home,),Ц┐╙Ц┌╚Ц┐░Ц┐╙Ц┐╪Ц┐┤Ц┌ёЦ┌╧Ц┌╞,,,,,,,,,,,,,,,,,
144,Ф√╟Е⌠│,SONY,VPCEA2AFJ,Ц┐▌Ц┐╪Ц┐┬,Ц┐▒Ц┌╫Ц┌ЁЦ┐Ё,Г■╗,Ф╤╡Ф≥╤,Ц┐▒Ц┐█Ц┐╚,,,,,,,,,,,,,,,,,
145,Ф√╟Е⌠│,SONY,VAIO,Fit,14,SVF14A19CJS,Ц┌©Ц┐┐Ц┐│,Ц┐▒Ц┐█Ц┐╚,,,,,,,,,,,,,,,,,
146,Ф√╟Е⌠│,HP,Pavilion,DV7,-,2100,DV7,-,3000,DV7,-,2000,Ф≈╔Ф°╛Х╙·,Ц┌╜Ц┐╪Ц┐°Ц┐╪Ц┐┴,,,,,,,,,,,
147,░█Х╘,·,",Е⌡╨Ф°┴Е░",█,"╘·,Г",└Г╧,■,",*",",",*,,,,,,,,,,,,,,,
148,SONY,VAIO,VGN,-,FJ22B,Windows,XP,Ц┐╙Ц┌╚Ц┐░Ц┐╙,Ф╦┬,,,,,,,,,,,,,,,,
149,Ф√╟Е⌠│,SONY,Vaio,PCG,Series,PCG,-,61311N,Г■╗,Ф╤╡Ф≥╤,Ц┐▒Ц┐█Ц┐╚,,,,,,,,,,,,,,
150,MB,_,P6022603M7,SONY,VAIO,VGN,-,AR50B,CoreDuo,T2300,,,,,,,,,,,,,,,
151,Г╗▌Х╬╪,Ц┌©Ц┐┐Ц┐│Ц┐▒Ц┐█Ц┐╚,/,Win8,/,Office2013,/,4GB,/,1TB,/,14,Е·▀,Ц┐∙Ц┐╚,HD,,,,,,,,,,
152,T00035,SONY,VAIO,Ц┐▌Ц┐╪Ц┐┬,Ц┐▒Ц┌╫Ц┌ЁЦ┐Ё,VGN,-,FJ12B,Г└║Г╥ ,Ц┐╘Ц┐Ё,Ц┌╚Ц┐╪Ц┐┴,,,,,,,,,,,,,,
153,Sony,PCG,-,GR5F,PenБ┘╒О╪▒G,DVD,/,CD,-,RW,Г╬▌,Е⌠│,Е╝▄,Е▀∙,Д╫©Г■╗,Е▐╞Х┐╫,,,,,,,,,
154,SONY,Г╢■Ф╜ё,Ц│┼Ц│≈Ц┌┐Ц┌▄,VAIO,Ц┐▒Ц┌╫Ц┌ЁЦ┐ЁЦ┌╜Ц┐ёЦ┐╙Ц┐ЁЦ┌╟Ц┌╠Ц┐╪Ц┌╧,VGP,-,CKC3,,,,,,,,,,,,,,,,,
155,Ф√╟Е⌠│,SONY,VAIO,VGP,-,KBV6,/,LI,Ц┌╜Ц┐╪Ц┐°Ц┐╪Ц┐┴,Ц┌╕Ц┌╗Ц┌╒,Ц┐╘Ц┌╓Ц┐┬,Ц┐√Ц┐╚Ц┐╪,,,,,,,,,,,,,
156,Е█ЁФ≈╔,Г≥╨И─│,SONY,VAIO,Ц┌╫Ц┐▀Ц┐╪,VPCCA1AGJ,Ф╤╡Ф≥╤,Ц┐▒Ц┐█Ц┐╚,_,1600,*,900,,,,,,,,,,,,,
157,SVE14A3AJ,Corei7,3632QM,2,.,2G,/,SSD512G,/,16G,/,BDXL,/,Win8PRO,/,Office,,,,,,,,,
158,SONY,Г╢■Ф╜ё,Е⌠│,PC2100,200Pin,512MB,[,PCGA,-,MM512D,],Г⌡╦Ф─╖,Д©²Х╗╪,Е█ЁФ╠╨,,,,,,,,,,,
159,Е█ЁФ≈╔,Г≥╨И─│,SONY,VAIO,Ц┌╫Ц┐▀Ц┐╪,VPCCA4AJ,Ф╤╡Ф≥╤,Ц┐▒Ц┐█Ц┐╚,1600,*,900,,,,,,,,,,,,,,
160,VGN,-,FJ10B,Cel1,.,4GHz,256MB,60GB,office2007,HDD,Ц┐╙Ц┌╚Ц┐░Ц┐╙,Ф╦┬,,,,,,,,,,,,,
161,SONY,Г╢■Ф╜ё,Ц┐║Ц┐╒Ц┐╙Ц┐╪,512MB,PC2700,200Pin,[,VGP,-,MM512G,],Г⌡╦Ф─╖,Д©²Х╗╪,Е█ЁФ╠╨,,,,,,,,,,,
162,Ф√╟Е⌠│,SONY,VAIO,Ц┌╫Ц┐▀Ц┐╪,VPCCA3AJ,Ф╤╡Ф≥╤,Ц┐▒Ц┐█Ц┐╚,1600,*,900,,,,,,,,,,,,,,,
163,0141,SVS13A2AJ,Core,i7,2,.,90GHz,4GB,SSD,128GB,S,Ц┐·Ц┐╚Ц┐│,Win8,,,,,,,,,,,,
164,Е█ЁФ≈╔,Г≥╨И─│,Ф√╟Е⌠│,SONY,VAIO,Ц┌╫Ц┐▀Ц┐╪,VPCCA3AJ,Ф╤╡Ф≥╤,Ц┐▒Ц┐█Ц┐╚,1600,*,900,,,,,,,,,,,,,
165,SONY,VAIO,Ц┐░Ц┐┐Ц┐├Ц┐╙Ц┐╪,VGP,-,BPS2A,,,,,,,,,,,,,,,,,,,
166,Г╬▌,Е⌠│,SVT1412AJ,Corei7,3537U,2,.,0GHz,/,SSD512G,/,8G,/,BDXL,/,Win8PRO,,,,,,,,,
167,Ф√╟Е⌠│,SONY,VPCEA45FJ,14,Ц┌╓Ц┐ЁЦ┐│,Е·▀,Ф╤╡Ф≥╤,,,,,,,,,,,,,,,,,,
168,Z117,VPCEA3AFJ,Г■╗,Ц┐▒Ц┐╪Ц┐═Ц┐╛Ц┌╧Ц┐┬Ц┐╩Ц┌╠Ц┐╪Ц┌╧,/,Г≥╫,,,,,,,,,,,,,,,,,,,
169,Z123,VPCE,Ц┌╥Ц┐╙Ц┐╪Ц┌╨,Г■╗,Г╢■Ф╜ё,Ц┐░Ц┐┐Ц┐├Ц┐╙Ц┐╪,VGP,-,BPS22,2,Ф≥┌И√⌠,23,Е┬├,,,,,,,,,,,,
170,Z118,VPCEA3AFJ,Г■╗,Ц┐·Ц┌╤Ц┐╪,Ц┐°Ц┐╪Ц┐┴,MBX,-,223,,,,,,,,,,,,,,,,,
171,Y933,VPCCW28FJ,Г■╗,DVD,Ц┐·Ц┐╚Ц┐│,Ц┐┴Ц┐╘Ц┌╓Ц┐√,Ц┐■Ц┐ЁЦ┌╞Ц┐≥Ц┌╪Ц┐╚,Ц┐·Ц┌╕Ц┐ЁЦ┌©,,,,,,,,,,,,,,,,,
172,SONY,VAIO,VGP,-,SP2,PC,Г■╗,Ц┌╧Ц┐■Ц┐╪Ц┌╚Ц┐╪,Д╦╜Е▐╓,Ц┌╦Ц┐ёЦ┐ЁЦ┌╞,Ф┴╠,MZ2485,,,,,,,,,,,,,
173,SONY,VAIO,VGN,-,FJ90S,Г■╗,14,.,1,Ц┌╓Ц┐ЁЦ┐│,╥Ц┐╖Ц┌,",Ц┌╗Ц┌",,,,,,,,,,,,,
174,Ц┌╫Ц┐▀Ц┐╪,VAIO,PCG,-,9H1N,(,PCG,-,FR33,),Ц┌╦Ц┐ёЦ┐ЁЦ┌╞,,,,,,,,,,,,,,
175,Y946,VGN,-,SR,Г■╗,Ц┌╜Ц┐╪Ц┐°Ц┐╪Ц┐┴,"░Ц┐╪,Ц┌╚Ц","┐╪,Ц┌╥Ц┐╚Ц┐░",,,,,,,,,,,,,,,,,
176,10,/,12,/,13,/,14,/,15,/,17,Ц┌╓Ц┐ЁЦ┐│,Ц┌╓Ц┐ЁЦ┐┼Ц┐╪,Ц┌╠Ц┐╪Ц┌╧,Ф┴▀Ф▐░Ц│▓,Ц┌╚Ц┐░Ц┐Ё,Ц┐░Ц┐┐Ц┌╟,2,,,,,,,
177,Z119,VPCEA3AFJ,Х┬╛,"*,*",",*,Г■╗,Ц┐","╕,Ц┐╗",,,,,,,,,,,,,,,,,,,
178,Z120,VPCEA3AFJ,Г■╗,DVD,Ц┐·Ц┐╚Ц┐│,Ц┐┴Ц┐╘Ц┌╓Ц┐√,Ц┐≥Ц┌╪Ц┐╚,Ц┐·Ц┌╕Ц┐ЁЦ┌©,Д╩≤Е╠·,,,,,,,,,,,,,,,,
179,SONY,VAIO,VGN,-,CR,Ц┌╥Ц┐╙Ц┐╪Ц┌╨,Г■╗,"┐°Ц┐╪Ц┐┴,Ц┌╜Ц┐╪",Ц,┐°Ц,┐,,,,,,,,,,,,,,
180,Sony,PCG,-,FX33V,Ц┐╙Ц┌╚Ц┐░Ц┐╙,Г╬▌,Е⌠│,DVD,/,CD,-,RW,Е╝▄,Е▀∙,Д╫©Г■╗,Е▐╞Х┐╫,,,,,,,,,
181,VAIO,VPCCW1AFJ,Ц┐√Ц┐╚Ц┐╪Ц┐┬Ц┌╔Ц┐╪Ц┌╧Ц┐╕Ц┐▀Ц┐┐Ц┐┬,Ц┌╒Ц┐ЁЦ┐├Ц┐┼,Д╩≤Е╠·,,,,,,,,,,,,,,,,,,,,
182,SONY,Ц┐▌Ц┐╪Ц┐┬,PC,VGN,-,CR92NS,Г╜┴,Г■╗,И⌡╩Ф╨░,Ц┌╧Ц┌╓Ц┐┐Ц┐│,Е÷╨Ф²©,2,И─╠И√⌠,Д©²Х╗╪,,,,,,,,,,,
183,Ф√╟Е⌠│,Sony,VAIO,PCG,-,61211T,PCG,-,61212T,PCG,-,61311M,Ф╤╡Ф≥╤,Ц┐▒Ц┐█Ц┐╚,,,,,,,,,,,
184,yu,SONY,VAIO,PCG,-,F76,/,BP,╗Ц┌╜Ц┌,"╥Ц┐╖Ц┌╕,Ц┌╗Ц┌╜Ц",,,,,,,,,,,,,,,
185,yu,SONY,VAIO,PCG,-,F76,/,BP,Ф╤╡Ф≥╤,Ц┌ЁЦ┐╪Ц┐┴Ц┌ЁЦ┐█Ц┌╞Ц┌©,,,,,,,,,,,,,,,
186,yu,SONY,VAIO,PCG,-,F76,/,BP,Ф╤╡Ф≥╤,Ц┐▓Ц┐ЁЦ┌╦,,,,,,,,,,,,,,,
187,yu,SONY,VAIO,PCG,-,F76,/,BP,Е├┘Х┤⌠,Ц┌╧Ц┐■Ц┐╪Ц┌╚Ц┐╪,,,,,,,,,,,,,,,
188,Ф═╪Е╝┴,HDD,Д╨╓Ф▐⌡,Ц┐▐Ц┐╪Ц┐┴Ц┐┤Ц┌ёЦ┌╧Ц┌╞,Д╨╓Ф▐⌡,/,Ц┐┤Ц┐╪Ц┌©,Г╖╩Х║▄,/,Ц┐▒Ц┌╫Ц┌ЁЦ┐Ё,Д©╝Г░├,,,,,,,,,,,,,,
189,Ф√╟Ф≤╔,Г┴╧Д╬║,Ц┌╒Ц┐╚Ц┐├Ц┌ёЦ┐║Ц┐┐Ц┐┬,Г╘╤Ф╔╣,Ц┐╕Ц┐╪Ц┐├Ц┌ёЦ┐╙Ц┐├Ц┌ё,Windows8,7,Е╓ Г╗╝,Е╞╬Е©°,,,,,,,,,,,,,,,,
190,Ф√╟Ф≤╔,Г┴╧Д╬║,Ц┐≈Ц┐╜Ц┐─Ц┌╞Ц┐┬,Ц┌╜Ц┐╪,Х╖ёФ·░,Е╓┴Ф⌡╢,Х╙█Х╗╪,Windows7,/,8,Office2013,Е╞╬Е©°,,,,,,,,,,,,,
191,Ц┐╙Ц┌╚Ц┐░Ц┐╙,CD,SONY,VAIO,PCG,-,GR,_,F,/,BP,Ц┌╥Ц┐╙Ц┐╪Ц┌╨,Г■╗,5,Г╣└,,,,,,,,,,
192,SONY,VAIO,VGN,-,CR51B,Celeron,540,Ц┐▌Ц┐╪Ц┐┬,Ц┌╦Ц┐ёЦ┐ЁЦ┌╞,N7860,,,,,,,,,,,,,,,
193,SONY,VAIO,Z,PCG,-,Z1R,/,P,PM,-,1,.,5GHz,/,512MB,/,60GB,14,.,1,Е·▀,1400,*,1050,
194,Ф√╟Е⌠│,SONY,VPC,-,EE,Ц┌╥Ц┐╙Ц┐╪Ц┌╨,LED,Ф╤╡Ф≥╤,Ц┌╠Ц┐╪Ц┐√Ц┐╚,DD0HK1LC040,,,,,,,,,,,,,,,
195,И─│Ф√≥,Г└║Ф√≥,VAIO,VPCEK23FJ,Windows7,Home,),Ц┐╙Ц┌╚Ц┐░Ц┐╙Ц┐╪Ц┐┤Ц┌ёЦ┌╧Ц┌╞,,,,,,,,,,,,,,,,,
196,VAIO,PCGA,-,BP2V,SONY,Г╢■Ф╜ё,Ц┐░Ц┐┐Ц┐├Ц┐╙Ц┐╪,Е▀∙Д╫°,Е⌠│,PCG,-,Z1VE,,,,,,,,,,,,,
197,ELECOM,Ц┌╜Ц┐╪Ц┐°Ц┐╪Ц┐┴,И≤╡Е║╣,Ц┌╚Ц┐░Ц┐╪,Б≥╙,SONY,VAIO,typeC,Ц┌╥Ц┐╙Ц┐╪Ц┌╨,Г■╗,,,,,,,,,,,,,,,
198,SONY,VAIO,PCG,-,Z1VE,Ц┐║Ц┐╒Ц┐╙,768MB,HDD40GB,14,.,1,Е·▀,SXGA,+,,,,,,,,,,,
199,И─│Ф√≥,Г└║Ф√≥,VAIO,VPCEA2AFJ,Windows7,Home,),Ц┐╙Ц┌╚Ц┐░Ц┐╙Ц┐╪Ц┐┤Ц┌ёЦ┌╧Ц┌╞,,,,,,,,,,,,,,,,,
200,SONY,VGN,-&#,8203,;,CS72JB,/,W,VGN,-,CS60B,/,61B,Ф≈╔Ф°╛Х╙·,"╪Ц┐┴,Ц┌╜Ц┐╪Ц┐°Ц",,,,,,,,,,
201,Ф√╟Е⌠│,sony,VPC,C,Ц┌╥Ц┐╙Ц┐╪Ц┌╨,VPCCW,Г■╗,"Ц┐°Ц┐╪Ц┐┴,Ц┌╜Ц┐",,,,,,,,,,,,,,,,,
202,Е┬├Х╖ё,Д©╝Г░├,Ц┐·Ц┐▀Ц┐╔Ц┌╒Ц┐╚,VAIO,PCG,-,VX9,/,P,PCG,-,VX7,/,BD,Х╖ёД╫⌠,,,,,,,,,,
203,Е⌡╫Е├┘,Е█ЁГ╢█,SONY,vaio,VPC,-,EA,Ц┌╥Ц┐╙Ц┐╪Ц┌╨,Ф≈╔Ф°╛Х╙·,Ц┌╜Ц┐╪Ц┐°Ц┐╪Ц┐┴,,,,,,,,,,,,,,,
204,SONY,VGN,-,B90,(,typeB,),Г■╗,Е╓√И┐╗,Ф≤═Е┐▐,Е┤╨Е┼⌡,Г╚╞Е╜░,Г■╗,Е÷╨Г⌡╓,Г╚╞Е╜░,,,,,,,,,,
205,SONY,VGN,-,B90,(,typeB,),Г■╗,Ц┐▓Ц┐ЁЦ┌╦,Г■╗,И┤▒Е┘╥,Е⌡╨Е╝ ,Е┘╥,/,Е⌡·Х╩╒,,,,,,,,,,
206,VAIO,PCG,-,FR,Г■╗,PC,Ц┌╚Ц┐╪Ц┐┴,Ц┌╧Ц┐╜Ц┐┐Ц┐┬,14,Ц┌╓Ц┐ЁЦ┐│,,,,,,,,,,,,,,,
207,Е┬├Х╖ё,Д©╝Г░├,Ц┐·Ц┐▀Ц┐╔Ц┌╒Ц┐╚,VAIO,PCG,-,XR,9Z,/,7Z,/,1Z,/,9F,/,7F,/,9,Д╩∙Г╣└,,,,,,
208,Е┬├Х╖ё,Д©╝Г░├,Ц┐·Ц┐▀Ц┐╔Ц┌╒Ц┐╚,VAIO,PCG,-,F36,/,F37,F50,/,F60,/,F70,/,F75,ГЁ╩,,,,,,,,
209,Д╫©Г■╗,Е⌠│,SONY,type,F,light,Е╟┌Г■╗,Ц┐²Ц┐╪Ц┐┬Ц┐╙Ц┐≈Ц┐╙Ц┌╠Ц┐╪Ц┌©Ц┐╪,,,,,,,,,,,,,,,,,
210,VAIO,PCG,-,FR,Г■╗,Ц┐╒Ц┐┤Ц┐═,Ц┌╚Ц┐╪Ц┐┴,14,Ц┌╓Ц┐ЁЦ┐│,,,,,,,,,,,,,,,,
211,VAIO,VGN,-,FJ90S,(,typeF,light,),Г■╗,Ц┌╧Ц┐╜Ц┐┐Ц┐┬,Г■╗,Ц┌╥Ц┐ёЦ┐┐Ц┌©Ц┐╪,,,,,,,,,,,,,
212,Е┬├Х╖ё,Д©╝Г░├,Ц┐·Ц┐▀Ц┐╔Ц┌╒Ц┐╚,VAIO,PCG,-,Z1,X,/,XE,/,V,/,VE,/,VT,/,R,/,P,Д╩∙Г╣└,,,,
213,VAIO,PCG,-,GR,Г■╗,LED,/,Ф╤╡Ф≥╤,И√▀И√┴,Ц┌╧Ц┌╓Ц┐┐Ц┐│,Е÷╨Г⌡╓,Е÷╨Г⌡╓,,,,,,,,,,,,,
214,Е┬├Х╖ё,Д©╝Г░├,Ц┐·Ц┐▀Ц┐╔Ц┌╒Ц┐╚,VAIO,VGN,-,FJ11,/,FJ12,/,FJ21,/,FJ22,typeF,,,,,,,,,,,
215,Ф√╟Е⌠│,sony,VGN,-&#,8203,;,CR72B,/,W,Г■╗,Ц┐·Ц┌╤Ц┐╪,Ц┐°Ц┐╪Ц┐┴,MBX,-,177,,,,,,,,,,
216,SONY,VPC,C,"┬╛,*,*,*,*,Ц",┌╥Ц┐╙,┐╪Ц,Ц┐▀Ц┐⌡Ц┐Ё,"Ц┌╢,Ц┐▀Ц┐⌡Ц┐ЁЦ┌",,,,,,,,,,,,,,,,,
217,Ф√╟Е⌠│,sony,VGN,-&#,8203,;,FJ22B,/,R,Г■╗,Ц┐·Ц┌╤Ц┐╪,Ц┐°Ц┐╪Ц┐┴,MBX,-,145,,,,,,,,,,
218,DDR,Ф√╟Е⌠│,1GB,/,pc2700,/,Sony,PCG,-,GRs50,Z1Xe,NV99E,GRX72,FR55,,,,,,,,,,,
219,SONY,PCG,XR100E,/,K,Ц┐╙Ц┌╚Ц┐░Ц┐╙,О╪ёО╪╓,Ц┐║Ц┐╪Ц┐╚,Д╬©,Е▐╞,,,,,,,,,,,,,,,
220,Е█ЁФ╠╨,Windows,Vista,BASIC,Ц┌╗Ц┐ЁЦ┐√Ц┐╛Ц┐═,Ц┌╥Ц┐╪Ц┐╚,62,Ф╒╠,Х©╫Е┼═,OK,,,,,,,,,,,,,,,
221,Ф√╟Ф≤╔,Г┴╧Д╬║,Windows,8,/,7,/,XP,/,Vista,И╚≤И─÷,Е▄√,"╒,",Ц│└,",Ц┌","╓,Ц┌╙Ц",,,,,,,,,
222,SONY,VAIO,FR33,/,B,Г╜┴,Г■╗,Ц┌╓Ц┐Ё,Ц┐░Ц┐╪Ц┌©Ц┐╪,,,,,,,,,,,,,,,,
223,SONY,VAIO,FR33,/,B,Г╜┴,Г■╗,"╤,Ц┌╗Ц",┌╜Ц,┌╥Ц┐╖Ц,"┌©Ц┐╪,Ц┐░Ц┐╪",┌,,,,,,,,,,,,,
224,SONY,VAIO,FR33,/,B,Г╜┴,Г■╗,"╤,Ц┌╗Ц",┌╜Ц,┌╥Ц┐╖Ц,"┌©Ц┐╪,Ц┐░Ц┐╪",┌,,,,,,,,,,,,,
225,SONY,VAIO,FR33,/,B,Г╜┴,Г■╗,"╤,Ц┌╗Ц",┌╜Ц,"┌╠Ц┐╪Ц┐√Ц┐╚,",┌,,,,,,,,,,,,,,
226,SONY,VAIO,FR33,/,B,Г╜┴,Г■╗,Ф╤╡Ф≥╤,И┐╗,Ц┌╠Ц┐╪Ц┐√Ц┐╚,,,,,,,,,,,,,,,
227,SONY,VAIO,FR33,/,B,Г╜┴,Г■╗,"╤,Ц┌╗Ц",┌╜Ц,"┌╠Ц┐╪Ц┐√Ц┐╚,",┌,,,,,,,,,,,,,,
228,DDR,Ф√╟Е⌠│,1GB,/,pc2700,/,Sony,PCG,-,GRT70V,GRs55,NV55E,GRs900,FX77E,,,,,,,,,,,
229,SONY,VAIO,VGN,-,SZ90PS,Г╜┴,Г■╗,DC,Ц┌╦Ц┐ёЦ┐┐Ц┌╞,И┐╗,,,,,,,,,,,,,,,
230,SONY,VAIO,FX11J,Г╜┴,Г■╗,Ф╤╡Ф≥╤,Г■╗,Ц┌╠Ц┐╪Ц┐√Ц┐╚,,,,,,,,,,,,,,,,,
231,SONY,VAIO,VGN,-,SZ90PS,Г╜┴,Г■╗,Ц┐▒Ц┐╪Ц┐═Ц┐╛Ц┌╧Ц┐┬,,,,,,,,,,,,,,,,,
232,Ф═╪Е╝┴,HDD,Д╨╓Ф▐⌡,Ц┐▐Ц┐╪Ц┐┴Ц┐┤Ц┌ёЦ┌╧Ц┌╞,Д╨╓Ф▐⌡,/,Ц┐┤Ц┐╪Ц┌©,Г╖╩Х║▄,/,Ц┐▒Ц┌╫Ц┌ЁЦ┐Ё,Д©╝Г░├,,,,,,,,,,,,,,
233,VAIO,PCG,-,XR,_,E,Series,Ц┐╙Ц┌╚Ц┐░Ц┐╙,Ц┐┤Ц┌ёЦ┌╧Ц┌╞,,,,,,,,,,,,,,,,
234,SONY,Vaio,Z1,/,P,Г╜┴,Г■╗,Ц┐▓Ц┐ЁЦ┌╦Ц┌╚Ц┐░Ц┐╪,,,,,,,,,,,,,,,,,
235,SONY,VAIO,FX11J,Г╜┴,Г■╗,Ц┌╧Ц┌╓Ц┐┐Ц┐│,"Ц┐╚,Ц┐▒Ц┐",,,,,,,,,,,,,,,,,,
236,SONY,VAIO,FX11J,Г╜┴,Г■╗,Ц┐▓Ц┐ЁЦ┌╦Ц┌╚Ц┐░Ц┐╪,,,,,,,,,,,,,,,,,,,
237,SONY,VAIO,FX11J,Х┬╛,",*,",",Г","■╗,Ц┐╗Ц┌╕,Ц┐",,,,,,,,,,,,,,,,,,
238,SONY,VAIO,GR3N,/,BP,Г╜┴,Г■╗,Ц┐▓Ц┐╪Ц┐┬Ц┌╥Ц┐ЁЦ┌╞Ц┐∙Ц┌║Ц┐Ё,Ц──О╪┐,,,,,,,,,,,,,,,,
239,SONY,VAIO,GR3N,/,BP,Г╜┴,Г■╗,Ц┐▓Ц┐╪Ц┐┬Ц┌╥Ц┐ЁЦ┌╞Ц┐∙Ц┌║Ц┐Ё,,,,,,,,,,,,,,,,,
240,SONY,Vaio,Z1,/,P,Г╜┴,Г■╗,Е╓√И┐╗,Ц┐┤Ц┌ёЦ┌╧Ц┐≈Ц┐╛Ц┌╓Ц┌ЁЦ┐█Ц┌╞Ц┌©Ц┐╪,,,,,,,,,,,,,,,,
241,VGN,-,BX90PS,Ц┐╙Ц┌╚Ц┐░Ц┐╙,Ц┐▒Ц┌╫Ц┌ЁЦ┐Ё,Д©╝Г░├,Ц┐┤Ц┌ёЦ┌╧Ц┌╞,Д╨╓Ф▐⌡,Ц┐╙Ц┌╚,Ц┐░Ц┐╙Ц┐╪,,,,,,,,,,,,,,,
242,VGN,-,B90PSY,Ц┐╙Ц┌╚Ц┐░Ц┐╙,Ц┐▒Ц┌╫Ц┌ЁЦ┐Ё,Д©╝Г░├,Ц┐┤Ц┌ёЦ┌╧Ц┌╞,Д╨╓Ф▐⌡,Ц┐╙Ц┌╚,Ц┐░Ц┐╙Ц┐╪,,,,,,,,,,,,,,,
243,VGN,-,B90PS,Ц┐╙Ц┌╚Ц┐░Ц┐╙,Ц┐▒Ц┌╫Ц┌ЁЦ┐Ё,Д©╝Г░├,Ц┐┤Ц┌ёЦ┌╧Ц┌╞,Д╨╓Ф▐⌡,Ц┐╙Ц┌╚,Ц┐░Ц┐╙Ц┐╪,,,,,,,,,,,,,,,
244,Ф√╟Е⌠│,NEC,LaVie,LL750,/,BS6R,PC,-,LL750BS6R,Ц┌╓Ц┐Ё,Ц┐░Ц┐╪Ц┌©Ц┐╪,,,,,,,,,,,,,,
245,Sony,VAIO,F,FW90NS,FW90S,FW90HS,FW30B,/,50B,/,70,Г■╗,Ц┌╜Ц┐╪Ц┐°Ц┐╪Ц┐┴,,,,,,,,,,,,
246,Ф√╟Е⌠│,Sony,Ц┐░Ц┌╓Ц┌╙,type,F,VGN,-,FZ,Ц┌╜Ц┐╪Ц┐°Ц┐╪Ц┐┴,Г≥╫,V070978AJ1,,,,,,,,,,,,,,
247,Ф√╟Е⌠│,Sony,Ц┐░Ц┌╓Ц┌╙,type,F,VGN,-,FZ,Ц┌╜Ц┐╪Ц┐°Ц┐╪Ц┐┴,Г≥╫,V070978AJ1,,,,,,,,,,,,,,
248,Ф√╟Е⌠│,SONY,VGC,-,LA73B,LS20E,LS21N,1,-,443,-,889,-,11,Ц┌╓Ц┐ЁЦ┐░Ц┐╪Ц┌©,,,,,,,,,,
249,Ф√╟Е⌠│,VGN,-,FZ31B,VGN,-,FZ32B,VGN,-,FZ51B,Ф≈╔Ф°╛Х╙·,Ц┌╜Ц┐╪Ц┐°Ц┐╪Ц┐┴,Г≥╫,,,,,,,,,,,,
250,Ф√╟Е⌠│,NEC,LL550,LL750,/,BS,Ц┌╓Ц┐Ё,Ц┐░Ц┐╪Ц┌©Ц┐╪,PK07009G00,,,,,,,,,,,,,,,,
251,Ф√╟Ф≤╔,Г┴╧Д╬║,Ц┐≈Ц┐╜Ц┐─Ц┌╞Ц┐┬,Ц┌╜Ц┐╪,Х╖ёФ·░,Е╓┴Ф⌡╢,Х╙█Х╗╪,Windows7,/,8,Office2013,Е╞╬Е©°,,,,,,,,,,,,,
252,Ф╤╡Ф≥╤,Ц┌╜Ц┐╛Ц┌╓,VGN,-,FJ11B,/,CM370,/,1024M,/,120G,/,DVDS,Ц┐·Ц┐╚Ц┐│,,,,,,,,,,,
253,SONY,VAIO,VGN,-,CR,Г■╗,CPU,Ц┐∙Ц┌║Ц┐Ё,_,UDQFLZR02FQU,,,,,,,,,,,,,,,
254,SONY,Vaio,VGN,-,CS,ГЁ╩,Г■╗,Е├╥Е█╢,Ц┐∙Ц┌║Ц┐Ё,UDQF2JR03CQU,DC5V,0,.,12A,),,,,,,,,,,
255,VGN,-,FJ11B,/,CM370,/,1024M,/,120G,/,DVDS,Ц┐·Ц┐╚Ц┐│,/,WEB,Ц┌╚Ц┐║Ц┐╘,,,,,,,,,,
256,Ф√╟Ф≤╔,Г┴╧Д╬║,Ц┐≈Ц┐╜Ц┐─Ц┌╞Ц┐┬,Ц┌╜Ц┐╪,Х╖ёФ·░,Е╓┴Ф⌡╢,Windows,8,/,7,Office2010,Е╞╬Е©°,PRO,,,,,,,,,,,,
257,Ф√╟Е⌠│,SONY,VGN,-,SR,Ц┌╥Ц┐╙Ц┐╪Ц┌╨,Г╜┴,Г■╗,Ц┌╜Ц┐╪Ц┐°Ц┐╪Ц┐┴,(,148088312,И╩▓,Е⌡╫Е├┘,Г≥╨И─│,,,,,,,,,,,
258,Е█ЁФ╠╨,!,VAIO,VGN,-,B90PS,.,B90PSY,Г■╗,Ц┐╙Ц┌╚Ц┐░Ц┐╙,CD,Ф═╪Е╝┴,,,,,,,,,,,,,
259,SONY,VAIO,Ц┐╙Ц┌╚Ц┐░Ц┐╙,PCG,-,GR,_,F,/,BP,PCG,-,GR,_,F,XP,HE,4,Г╣└,D356,,,,,
260,Е█ЁФ╠╨,!,VAIO,PCG,-,VX9,/,P,Г■╗,Ц┐╙Ц┌╚Ц┐░Ц┐╙,CD,Ф═╪Е╝┴,,,,,,,,,,,,,
261,Д©╝Г░├,Ц┐▒Ц┐╪Ц┐└,SONY,VAIO,PCG,-,VX7,/,BD,Г╜┴,TX36D72VC1FAA,Ф╤╡Ф≥╤,Ц┐▒Ц┐█Ц┐╚,,,,,,,,,,,,
262,Д©╝Г░├,Ц┐▒Ц┐╪Ц┐└,SONY,VAIO,PCG,-,VX7,/,BD,Г╜┴,KU,-,03294V,-,0,Ц┌╓Ц┐ЁЦ┐░Ц┐╪Ц┌©,,,,,,,,,
263,Д©╝Г░├,Ц┐▒Ц┐╪Ц┐└,SONYVAIO,PCG,-,VX7,/,BD,Г╜┴,KU,-,03294V,-,0,Ц┌╓Ц┐ЁЦ┐░Ц┐╪Ц┌©,(,2,,,,,,,,
264,"╘·,Ц┌╣",Ф▌╔Г," ,*",",","*,*,",*,",Е",ЁФ╠╨,Ц┌╫Ц,┐┐Ц,"┐░Ц┐╙,Ц┐╙Ц┌╚",Ц┐,,,,,,,,,,,,,
265,Е█ЁФ╠╨,VAIO,PCG,-,F70,/,BP,Г■╗,Ц┐╙Ц┌╚Ц┐░Ц┐╙,CD,,,,,,,,,,,,,,,
266,Ф═╪Е╝┴,HDD,Д╨╓Ф▐⌡,Ц┐▐Ц┐╪Ц┐┴Ц┐┤Ц┌ёЦ┌╧Ц┌╞,Д╨╓Ф▐⌡,/,Ц┐┤Ц┐╪Ц┌©,Г╖╩Х║▄,/,Ц┐▒Ц┌╫Ц┌ЁЦ┐Ё,Д©╝Г░├,,,,,,,,,,,,,,
267,Е█ЁФ╠╨,VAIO,PCG,-,GR3N,/,BP,Г■╗,Ц┐╙Ц┌╚Ц┐░Ц┐╙,CD,,,,,,,,,,,,,,,
268,SONY,Г╢■Ф╜ё,Ф√╟Е⌠│,Ц┐╙Ц┐│Ц┐ёЦ┐╪Ц┌╦Ц┐ёЦ┐√Ц┐╚Ц┐░Ц┐┐Ц┐├Ц┐╙Ц┐╪Ц┐▒Ц┐┐Ц┌╞,L,VGP,-,BPL12,,,,,,,,,,,,,,,,,
269,И─│Ф√≥,200,Е├├,USB,Ф▌╔Г╤ ,Е┘┴Е╜╕,"Ц┌╧,Ц┐·Ц┌",╕Ц┌,"Ё,Ц┌╥Ц",,,,,,,,,,,,,,,,
270,И─│Ф√≥,200,Е├├,USB,Ф▌╔Г╤ ,Е┘┴Е╜╕,"Ц┌╧,Ц┐·Ц┌",╕Ц┌,"Ё,Ц┌╥Ц",,,,,,,,,,,,,,,,
271,"░█Х╘·,",Д╦─,Х┬╛,",*,*,*",",*,И─│",Ф√≥,",Ц┌╫Ц┌╕",Ц┐╙Ц┐╖,"Ц┌╕,Ц┌╫Ц┐",,,,,,,,,,,,,,,,
272,"░█Х╘·,",Д╦─,Х┬╛,",*,*,*",",*,И─│",Ф√≥,",Ц┌╫Ц┌╕",Ц┐╙Ц┐╖,"Ц┌╕,Ц┌╫Ц┐",,,,,,,,,,,,,,,,
273,Ф√╟Е⌠│,SONY,VAIO,Fit,15E,SVF15317DJW,4GB,/,1TB,/,15,.,5,Е·▀,Office,Д╩≤Ц│█,,,,,,,,,
274,Ц┌╦Ц┐ёЦ┐ЁЦ┌╞,VAIO,VGN,-,CR62B,Ц┐■Ц┐ЁЦ┌╞,Ф°╛Д╫⌠,(,HDD,),И─ И⌡╩,Ф°┴,,,,,,,,,,,,,
275,Ф√╟Е⌠│,И─│Ф√≥,140,SONY,VAIO,Type,C,VGN,-,CS,CPU,Ц┐∙Ц┌║Ц┐Ё,Ц│┼Ц│╬Ц│▒,Д╩≤,,,,,,,,,,,
276,Ф√╟Е⌠│,И─│Ф√≥,140,SONY,VAIO,Type,C,VGN,-,CS,CPU,Ц┐∙Ц┌║Ц┐Ё,Ц│┼Ц│╬Ц│▒,Д╩≤,,,,,,,,,,,
277,"░█Х╘·,",Д╦─,Х┬╛,",*,*,*",",*,И─│",Ф√≥,",Ц┌╫Ц┌╕",Ц┐╙Ц┐╖,"Ц┌╕,Ц┌╫Ц┐",,,,,,,,,,,,,,,,
278,"░█Х╘·,",Д╦─,Х┬╛,",*,*,*",",*,И─│",Ф√≥,",Ц┌╫Ц┌╕",Ц┐╙Ц┐╖,"Ц┌╕,Ц┌╫Ц┐",,,,,,,,,,,,,,,,
279,И─│Ф√≥,200,Е├├,PS,/,2,Ф▌╔Г╤ ,Ц┌╧Ц┌╞Ц┐╜Ц┐╪Ц┐╚,Е┘┴Е╜╕,Ц┐·Ц┌╕Ц┌╧,И╩▓,Ф√╟Е⌠│,,,,,,,,,,,,,
280,И─│Ф√≥,200,Е├├,PS,/,2,Ф▌╔Г╤ ,Ц┌╧Ц┌╞Ц┐╜Ц┐╪Ц┐╚,Е┘┴Е╜╕,Ц┐·Ц┌╕Ц┌╧,И╩▓,Ф√╟Е⌠│,,,,,,,,,,,,,
281,Ф═╪Е╝┴,Д╩┼,Д╨╨Ф╟≈,Ц┌ЁЦ┐ЁЦ┐°,Ф░╜Х╪┴,VAIO,Ц┌╦Ц┐ёЦ┐ЁЦ┌╞,Е█ЁФ╠╨,И─│Ф√≥,Х╬╪Ц│©,Б≥╙,,,,,,,,,,,,,,
282,И─│Ф√≥,200,Е├├,PS,/,2,Ф▌╔Г╤ ,Ц┌╧Ц┌╞Ц┐╜Ц┐╪Ц┐╚,Е┘┴Е╜╕,Ц┐·Ц┌╕Ц┌╧,И╩▓,Ф√╟Е⌠│,,,,,,,,,,,,,
283,"░█Х╘·,",Д╦─,Х┬╛,",*,*,*",",*,И─│",Ф√≥,",Ц┌╫Ц┌╕",Ц┐╙Ц┐╖,"Ц┌╕,Ц┌╫Ц┐",,,,,,,,,,,,,,,,
284,"░█Х╘·,",Д╦─,Х┬╛,",*,*,*",",*,И─│",Ф√≥,",Ц┌╫Ц┌╕",Ц┐╙Ц┐╖,"Ц┌╕,Ц┌╫Ц┐",,,,,,,,,,,,,,,,
285,Ф√╟Е⌠│,SONY,VGP,-,BPL18,BPS18,Е╞╬Е©°,"┐░Ц┐┐Ц┐├Ц┐╙Ц┐╪,",Ц┐░Ц┐┐Ц,,,,,,,,,,,,,,,,
286,Ф√╟Е⌠│,SONY,VGP,-,BPL5,BPL5A,BPS5,BPS5A,Е╞╬Е©°,Ц┐░Ц┐┐Ц┐├Ц┐╙Ц┐╪,6600mAh,,,,,,,,,,,,,,
287,"░█Х╘·,",Д╦─,Х┬╛,",*,*,*",",*,И─│",Ф√≥,",Ц┌╫Ц┌╕",Ц┐╙Ц┐╖,"Ц┌╕,Ц┌╫Ц┐",,,,,,,,,,,,,,,,
288,"░█Х╘·,",Д╦─,Х┬╛,",*,*,*",",*,И─│",Ф√≥,",Ц┌╫Ц┌╕",Ц┐╙Ц┐╖,"Ц┌╕,Ц┌╫Ц┐",,,,,,,,,,,,,,,,
289,SONY,VAIO,14,Е·▀,EG,Ц┌╥Ц┐╙Ц┐╪Ц┌╨,Е╓╘,Ф²©,И┐╗Е⌠│,Е╠∙Г╓╨,Г■╗,Ц┐■Ц┐ЁЦ┌╞,Д╫©Г■╗,,,,,,,,,,,,
290,Ф√╟Е⌠│,SONY,VGP,-,BPS26A,BPS26,BPL26,Е╞╬Е©°,Ц┐░Ц┐┐Ц┐├Ц┐╙Ц┐╪,4400mAh,,,,,,,,,,,,,,,
291,Ф√╟Е⌠│,SONY,VGP,-,BPS2C,VGP,-,BPL2A,/,S,BPS2A,/,S,Е╞╬Е©°,Ц┐░Ц┐┐Ц┐├Ц┐╙Ц┐╪,,,,,,,,,,
292,Ф√╟Е⌠│,SONY,VPC,-,CW,VGP,-,BPL13,BPS13,Е╞╬Е©°,Ц┐░Ц┐┐Ц┐├Ц┐╙Ц┐╪,4400mAh,,,,,,,,,,,,,
293,Ф√╟Е⌠│,SONY,VGP,-,BPS13B,BPS13,/,Q,BPS13A,Е╞╬Е©°,Ц┐░Ц┐┐Ц┐├Ц┐╙Ц┐╪,4400mAh,,,,,,,,,,,,,
294,Ф√╟Е⌠│,SONY,VGP,-,BPS22,EB13,EB15,Е╞╬Е©°,"┐Ц┐├Ц┐╙Ц┐╪,Ц┐░Ц",┐┐Ц┐├Ц┐,,,,,,,,,,,,,,,
295,Ф√╟Е⌠│,Sony,BPS2,VGP,-,BPS2A,VGP,-,BPL2,/,BPL2C,Е╞╬Е©°,Ц┐░Ц┐┐Ц┐├Ц┐╙Ц┐╪,,,,,,,,,,,,
296,Ц┌╦Ц┐ёЦ┐ЁЦ┌╞,Е⌠│,VAIO,typeE,Г╜┴,Ф≈╔Ф°╛Х╙·,Ц┌╜Ц┐╪Ц┐°Ц┐╪Ц┐┴,_,MP,-,09L20J0,-,886,Б▒╔,,,,,,,,,,,
297,Ф√╟Е⌠│,Е░▄Ф╖≤,SONY,VAIO,VGN,-,FW73JGB,Г■╗,Ц┐╙Ц┌╚Ц┐░Ц┐╙,Ц┐┤Ц┌ёЦ┌╧Ц┌╞,,,,,,,,,,,,,,,
298,Ф√╟Е⌠│,Е░▄Ф╖≤,SONY,VAIO,VPCEA1AFJ,Г■╗,Ц┐╙Ц┌╚Ц┐░Ц┐╙,Ц┐┤Ц┌ёЦ┌╧Ц┌╞,,,,,,,,,,,,,,,,,
299,Ф√╟Е⌠│,Е░▄Ф╖≤,SONY,VAIO,VPCF22AJ,Г■╗,Ц┐╙Ц┌╚Ц┐░Ц┐╙,Ц┐┤Ц┌ёЦ┌╧Ц┌╞,,,,,,,,,,,,,,,,,
300,SONY,VAIO,VPC,EL15FJ,Г╢■Ф╜ё,Е⌠│,Ц┐╙Ц┌╚Ц┐░Ц┐╙,Ц┐┤Ц┌ёЦ┌╧Ц┌╞,/,Г╬▌,Е⌠│,,,,,,,,,,,,,,
301,Ф√╟Е⌠│,SONY,VPCCB,19FJ,29FJ,38FJ,49FJ,48FJ,Ф╤╡Ф≥╤,Ц┐▒Ц┐█Ц┐╚,,,,,,,,,,,,,,,
302,Ф√╟Е⌠│,SONY,VAIO,VPCCA1,CA2,CA3,VPCCA18EC,Г■╗,HDD,Ц┌╒Ц┐─Ц┐≈Ц┌©Ц┐╪,,,,,,,,,,,,,,,
303,SONY,VGN,-,NS51B,/,P,/,Core2Duo2,.,4GHz,/,320G,/,S,Ц┐·Ц┐╚Ц┐│,/,15WideTFT,/,OS,,,,,,
304,Ф√╟Е⌠│,SONY,VAIO,type,F,FZ,VGN,-,FZ90NS,"┐╖Ц┌╕,",Ц┌╗Ц┌╜Ц┌╥,,,,,,,,,,,,,,
305,Ф√╟Е⌠│,1GB,/,DDR2,-,667,/,PC5300,/,SONY,VGN,-,FT50,FT51,FT91,FT93,VGN,-,N51,,,,,,
306,Д╦╜Е▐╓,Г╬▌,Е⌠│,SONY,VGN,-,FW71DBW,Core2Duo,P8400,,,,,,,,,,,,,,,,
307,SONY,Г╢■Ф╜ё,Е⌠│,VAIO,E,Ц┌╥Ц┐╙Ц┐╪Ц┌╨,Г■╗,Ц┐░Ц┐┐Ц┐├Ц┐╙Ц┐╪,Ц┐▒Ц┐┐Ц┌╞,(,S,),VGP,-,BPS22,,,,,,,,,,
308,SONY,VAIO,C,/,E,/,F,Ц┌╥Ц┐╙Ц┐╪Ц┌╨,"┐°Ц┐╪Ц┐┴,Ц┌╜Ц┐╪",Ц┐°Ц┐╪Ц┐┴,Ц┌╜,Ц,┐╪Ц┐,°,Ц,,,,,,,,,,
309,Ф√╟Е⌠│,И─│Ф√≥,140,SONY,VGN,-,SZ,Г■╗,CPU,Ц┐∙Ц┌║Ц┐Ё,MCF,-,523PAM05,,,,,,,,,,,,
310,Ф√╟Е⌠│,SONY,VAIO,C,VPC,-,CW,CPU,Ц┐∙Ц┌║Ц┐Ё,Е╝ Е╫╒,Е╓√,Ц│┼Ц│╬Ц│▒,Д╩≤,,,,,,,,,,,,
311,3483,Ц┌╚Ц┌©Ц┐╜Ц┌╟,*,Ц┌╫Ц┐▀Ц┐╪,*,Ц┐▒Ц┌╫Ц┌ЁЦ┐Ё,Ц┐░Ц┌╓Ц┌╙,2010,.,2,Г≥╨Х║▄,31P,,,,,,,,,,,,,
312,VAIO,VGN,-,FW93JS,Ц┐╙Ц┌╚Ц┐░Ц┐╙,Ц┐┤Ц┌ёЦ┌╧Ц┌╞,Ф√╟Е⌠│,",Ц┐┴Ц┐",,,,,,,,,,,,,,,,,
313,SONY,VAIO,VGN,-,FZ61B,Core2Duo,T7250,2,.,0GHz,"ЁЦ┌╞,Ц┌╦Ц┐ёЦ",,,,,,,,,,,,,,
314,3N0901,Ц┌╫Ц┐▀Ц┐╪,Ц┐░Ц┌╓Ц┌╙,Ц┌╥Ц┐╙Ц┐╪Ц┌╨,16v19,.,5v,Е┘╠Г■╗,AC,Ц┌╒Ц┐─Ц┐≈,,,,,,,,,,,,,,,
315,SONY,VAIO,SVF1521BBJ,Ц┐╙Ц┌╚Ц┐░Ц┐╙Ц┐╪Ц┐┤Ц┌ёЦ┌╧Ц┌╞,,,,,,,,,,,,,,,,,,,,,
316,VAIO,VPCEE34FJ,AMD,2,.,2GHz,2GB,320GB,15,.,5,Ц┌╦Ц┐ёЦ┐ЁЦ┌╞,,,,,,,,,,,,,
317,DDR,Ф√╟Е⌠│,1GB,/,pc2700,/,Sony,VGN,-,Y70p,K31B,FS70B,E91B,A61B,E70B,,,,,,,,,,
318,Ф√╟Е⌠│,SONY,VAIO,C,F,E,Ц┌╥Ц┐╙Ц┐╪Ц┌╨,Г■╗,Ц┌╜Ц┐╪Ц┐°Ц┐╪Ц┐┴,Ц┌╕Ц┌╗Ц┌╒,VGP,-,KBV3,/,G,,,,,,,,,,
319,Е⌡╫Е├┘,Г≥╨И─│,Ц│┼Ц│╬Ц│▒,Д╩≤,SONY,VGN,-,CS,CPU,Ц┐∙Ц┌║Ц┐Ё,MCF,-,C29BM05,,,,,,,,,,,,
320,Ф√╟Е⌠│,Ц│┼Ц│╬Ц│▒,Д╩≤,SONY,VGN,-,CS,CPU,Ц┐∙Ц┌║Ц┐Ё,MCF,-,C29BM05,,,,,,,,,,,,,
321,3484,Ц┌╚Ц┌©Ц┐╜Ц┌╟,*,Ц┌╫Ц┐▀Ц┐╪,*,Ц┐▒Ц┌╫Ц┌ЁЦ┐Ё,Ц┐░Ц┌╓Ц┌╙,2010,.,2,Г≥╨Х║▄,31P,,,,,,,,,,,,,
322,Ф√╟Е⌠│,SONY,VAIO,C,VPC,-,CW,CPU,Ц┐∙Ц┌║Ц┐Ё,Е╝ Е╫╒,Е╓√,Ц│┼Ц│╬Ц│▒,Д╩≤,,,,,,,,,,,,
323,Ф√╟Е⌠│,И─│Ф√≥,140,SONY,VGN,-,SZ,Г■╗,CPU,Ц┐∙Ц┌║Ц┐Ё,MCF,-,523PAM05,,,,,,,,,,,,
324,Ф√╟Е⌠│,И─│Ф√≥,140,SONY,VAIO,type,S,VGN,-,SZ,Г■╗,CPU,Ц┐∙Ц┌║Ц┐Ё,Ц│┼Ц│╬Ц│▒,,,,,,,,,,,
325,Ф√╟Е⌠│,Ц│┼Ц│╬Ц│▒,Д╩≤,SONY,VGN,-,SZ,Г■╗,CPU,"┌╞,Ц┐╛",Ц┌╓Ц┌╜Ц┐ё,,,,,,,,,,,,,,
326,Ф√╟Е⌠│,И─│Ф√≥,140,SONY,VAIO,type,S,VGN,-,SZ,Г■╗,CPU,Ц┐∙Ц┌║Ц┐Ё,Ц│┼Ц│╬Ц│▒,,,,,,,,,,,
327,SONY,VAIO,PCG,-,FR55J,/,B,HDD,Ц┐·Ц┌╕Ц┐ЁЦ┌©,+,Ц┌ЁЦ┐█Ц┌╞Ц┌©,+,Ц│╜Ц│≤,,,,,,,,,,,,
328,SONY,VGN,-,E71B,CelM,-,1,.,4GHz,/,512MB,/,80GBWinXP,Ц┐╙Ц┌╚Ц┐░Ц┐╙,,,,,,,,,,,
329,Ц┌╫Ц┐▀Ц┐╪,Ц┐░Ц┌╓Ц┌╙,SONY,VAIO,PCG,-,GR9E,UXGA,1600ц≈1200,Е╞╬Е©°,15,Е·▀,,,,,,,,,,,,,
330,b702,SONY,VAIO,Fit,15E,SVF15217CJB,[,Ц┐√Ц┐╘Ц┐┐Ц┌╞,],Е°╗Е╨╚,/,2,,,,,,,,,,,,,
331,SONY,VAIO,type,NR,Г■╗,Ф≈╔Ф°╛Х╙·,"╪Ц┐┴,Ц┌╜Ц┐╪Ц┐°Ц",╪,"Ц┐┴,Ц┌╜Ц┐╪",Ц,┐°Ц,,,,,,,,,,,,,,
332,V),,,ь,,,,,,,,,,,,,,,,,,,,,
333,[,PC008M,],Е╟▐Е·▀,BlutoothUSB2,.,0,Ц┌╒Ц┐─Ц┐≈Ц┌©,Ц┐▌Ц┐╪Ц┐┬,PCWin7,Е╞╬Е©°,2656,Ф╒╠,,,,,,,,,,,,
334,[,PC008M,],Е╟▐Е·▀,BlutoothUSB2,.,0,Ц┌╒Ц┐─Ц┐≈Ц┌©,Ц┐▌Ц┐╪Ц┐┬,PCWin7,Е╞╬Е©°,2658,Ф╒╠,,,,,,,,,,,,
335,V),,,,,,,,,,,,,,,,,,,,,,,,
336,DDR,Ф√╟Е⌠│,1GB,/,pc2700,/,Sony,VGN,-,Y90Ps,K50B,Fs71B,E51B,A70p,E71B,,,,,,,,,,
337,SONY,VAIO,VPCEE,Г╜┴,Г■╗,Ф≈╔Ф°╛Х╙·,"Ц┐┴,Ц┌╜Ц┐╪Ц┐°Ц┐",Ц,"┐┴,Ц┌╜Ц┐",╪,Ц┐°,,,,,,,,,,,,,,
338,VAIO,typeE,Г╜┴,Г■╗,Ф≈╔Ф°╛Х╙·,"°Ц┐╪Ц┐┴,Ц┌╜Ц┐╪Ц",┐,°Ц,┐,"╪Ц┐┴,Ц┌",╜,Ц┐╪,┐,°Ц┐,,,,,,,,,,,
339,Ф╔╣Д╦┼,Г╬▌,Е⌠│,SONY,VAIO,Fit15ESVF15317DJW,4GB,1TB,Office,,,,,,,,,,,,,,,,
340,Ф√╟Е⌠│,512mb,/,DDR2,/,PC5300,/,SONY,VGN,-,FT53,FT73,VGN,-,FE20,FS92FS33,,,,,,,,,
341,NV77M,/,BP,NV55,/,BP,NV95EN,NV90,Г■╗,Г╢■Ф╜ё,CD,-,RW,/,DVD,DRIVE,/,nv55bpdvd,,,,,,,
342,[,PC008M,],Е╟▐Е·▀,BlutoothUSB2,.,0,Ц┌╒Ц┐─Ц┐≈Ц┌©,Ц┐▌Ц┐╪Ц┐┬,PCWin7,Е╞╬Е©°,2658,Ф╒╠,,,,,,,,,,,,
343,VGN,-,FS31B,FS53B,FS33B,FS23,FS51B,FE33,Г■╗,Ц┌©Ц┐┐Ц┐│Ц┐▒Ц┐┐Ц┐┴,/,FS31B,-,tb,,,,,,,,,,,
344,VGN,type,N,[,NW,Ц┌╥Ц┐╙Ц┐╪Ц┌╨,],Г■╗,Ф≈╔Ф°╛Х╙·,Ц┌╜Ц┐╪Ц┐°Ц┐╪Ц┐┴,148,-,737,-,911,(,Г≥╫,,,,,,,,
345,░█Х╘,",Е⌡╨",°┴Е░█,"╘·,",Г,╣└Г╧■,,,,,,,,,,,,,,,,,,,
346,Ф√╟Е⌠│,Е░▄Ф╖≤,PC,SONY,VAIO,type,N,VGN,-,N50HB,windows,Vista,Ц┐⌡Ц┐╞Ц┌╓Ц┐┬,,,,,,,,,,,,
347,PCG,-,71C11L,PCG,-,71C11N,PCG,-,71711L,PCG,-,71B11N,Ц┌╜Ц┐╪Ц┐°Ц┐╪Ц┐┴,И╩▓,US,,,,,,,,,,
348,SONY,VAIO,VGN,-,FW73JGB,Ц┐╙Ц┌╚Ц┐░Ц┐╙,Ц┐┤Ц┌ёЦ┌╧Ц┌╞,Д╫°Ф┬░,Д╩ёХ║▄,,,,,,,,,,,,,,,,
349,VAIO,SE,Ц┌╫Ц┐▀Ц┐╪Ц┌╧Ц┐┬Ц┌╒Ц┐╒Ц┐┤Ц┐╚,VPCSE1AJ,Ф√╟Е⌠│,Е░▄Ф╖≤,Хё°Е└÷,Ф°┴,,,,,,,,,,,,,,,,,
350,И┐╗Е⌠│,Е▐√Ц┌┼,Ц┌╦Ц┐ёЦ┐ЁЦ┌╞,SONY,VAIO,Eseries,VPCEB29FJ,Core,i5,450M,,,,,,,,,,,,,,,
351,SONY,VAIO,VPCF118FJ,/,W16,.,4,Е·▀,Ц┐∙Ц┐╚,HD1920ц≈1080,/,Core,i5,Е°╟,Ц┐┤Ц┌╦,W,И▄╡,,,,,,,,
352,NR51B,NR71B,NR52B,NS51B,NS52JB,N51B,Г■╗,"┌╧Ц┐■Ц┐╪Ц┌╚Ц┐╪,",Ц,┌╧Ц┐■,Ц,┐╪Ц,,,,,,,,,,,,,
353,Ф√╟Е⌠│,1GB,/,DDR2,-,667,/,PC5300,/,SONY,VGN,-,AR50,AR91,VGN,-,FE31,FS53,,,,,,,
354,GR7F,GR9F,/,P,Ф▌╗Ф╦╛,Г■╗,15,Е·▀,Ф╤╡Ф≥╤,SXGA,),Г■╗,Ц┌╠Ц┐╪Ц┐√Ц┐╚,gr7flcdcab,,,,,,,,,,,
355,NR51B,NR71B,NR52B,NS51B,NS52JB,Г■╗,Ф╤╡Ф≥╤,Ц┌╠Ц┐╪Ц┐√Ц┐╚,/,NR51B,-,cab,,,,,,,,,,,,,
356,SONY,PCG,-,7184N,(,VGN,-,NW71FB,-,N,),Core2,2,.,53G,/,Win7,Г▐╬Г┼╤,Д╦╜Е▐╓,Е⌠│,,,,,
357,VGN,-,FS53B,FS20,FS33B,FS23B,FS92,FE33,Г■╗,И⌡╩Ф╨░,Ц┌╚Ц┐░Ц┐╪,/,FS21B,-,pbc,,,,,,,,,,
358,VGN,-,FE31B,FE51B,FE21,FE91P,FE53,Д©╝Г░├,Ц┐∙Ц┌║Ц┐Ё,Ц┌╚Ц┐░Ц┐╪,/,FE31B,-,fanc2,,,,,,,,,,,
359,SONY,(,Ц┌╫Ц┐▀Ц┐╪,),VAIO,WindowsXP,VGN,-,AS34B,Ц┐▌Ц┐╪Ц┐┬,Ц┐▒Ц┌╫Ц┌ЁЦ┐Ё,,,,,,,,,,,,,,
360,PCG,-,NV55E,/,B,NV99E,/,B,NV90E,NV99M,/,BP,Г■╗,HD,Е⌡╨Е╝ ,Ц┌╚Ц┐░Ц┐╪,/,nv55hds,,,,,,,
361,Ф√╟Е⌠│,512MB,Ц┐║Ц┐╒Ц┐╙,/,144Pin,/,PCG,-,FX77Z,FX11J,FX55J,FX55Z,GR7,GR5,,,,,,,,,,,
362,VGN,Ц┐╪,BX4KANB,Г■╩И²╒,Е┴╡Ц┌▄,+,"┐Ц┌╜Ц┐ЁЦ┌╟,Ц┐┴Ц","┐╪Ц┌╥Ц┐╖Ц┐Ё,Ц┌╧Ц┐├",Ц┐╪,,,,,,,,,,,,,,,,
363,FS53B,FS20,FS33B,FS23B,FS92,FE33,Г■╗,SD,Ц┐°Ц┐╪Ц┐┴,/,FS51B,-,sd,,,,,,,,,,,,
364,Д╦╜Е▐╓,Г╬▌,",Д╦","╛,*,",*,",*,Е⌠│,Ц","┐Ё,",,,,,,,,,,,,,,,,,,
365,VGN,-,E50B,E70B,E71B,E51B,E81B,E91B,E72B,Г■╗,USB,Г╚╞Е╜░,/,e50b,-,usb,,,,,,,,,
366,Ф√╟Е⌠│,1GB,/,DDR2,-,667,/,PC5300,/,SONY,VGN,-,AS53,AS54,AR71,AR70,FS32,,,,,,,,
367,Ф√╟Е⌠│,512mb,/,DDR2,/,PC5300,/,SONY,VGN,-,FT50,FT51,FT91,FT93,VGN,-,N51,,,,,,,,
368,PCG,-,GRZ77,/,B,GRV99G,/,P,GRV88G,GRS55,Г■╗,Ц┐░Ц┐┐Ц┐├Ц┐╙,Ц┌╚Ц┐░Ц┐╪,/,grz77btc,,,,,,,,,,
369,Ф√╟Е⌠│,512mb,/,DDR2,-,667,/,PC5300,/,SONY,VGN,-,AR510,AR82,VGN,-,FE51,FS22,,,,,,,
370,Ц┌╦Ц┐ёЦ┐ЁЦ┌╞,2,Е▐╟,Ц┌╩Ц┐┐Ц┐┬,SONY,VAIO,VGN,-,E92B,VGN,-,K30B,,,,,,,,,,,,,
371,VGN,-,FS31B,FS53B,FS33B,FS23,FE33,FE53,Г■╗,Lan,Ц┌ЁЦ┐█Ц┌╞Ц┌©,/,FS31B,-,lcon,,,,,,,,,,
372,VGN,-,FS53B,FS20,FS92,FE33,FE53,Д©╝Г░├,Г■╗,LAN,Ц┌ЁЦ┐█Ц┌╞Ц┌©Ц┐╪,/,FS53B,-,lcon,,,,,,,,,,
373,Ф√╟Е⌠│,1GB,/,DDR2,-,667,/,PC5300,/,SONY,VGN,-,FT31,FT32,FT73,FT90,VGN,-,N50,,,,,,
374,Г©▄Ф≈╔,Г≥╨И─│,SONY,VPC,-,F11,VPC,-,F12,VPC,-,F13,Г╜┴,Г■╗,Ф≈╔Ф°╛Х╙·,Ц┌╜Ц┐╪Ц┐°Ц┐╪Ц┐┴,,,,,,,,,
375,VGN,-,FS31B,FS53B,FS33B,FS23,FE33,FE53,Г■╗,И⌡╩Ф╨░,И┐╗,Ц┌╚Ц┐░Ц┐╪,/,FS31B,-,pbc,,,,,,,,,
376,Ф√╟Е⌠│,512MB,Ц┐║Ц┐╒Ц┐╙,/,144Pin,/,PCG,-,FX11J,FX55J,FX55Z,FX77Z,GR9,GR3,,,,,,,,,,,
377,VGN,-,FS53B,FS20,FS92,FE33,FE53,Г■╗,SD,"Ц┐╪Ц┐┴,Ц┌",╚,Ц┐╪Ц┐,┴,,,,,,,,,,,,
378,Ц┌╫Ц┐▀Ц┐╪,15,Е·▀,Ф╤╡Ф≥╤,/,VAIO,/,PCG,-,71311N,/,Ц┐√Ц┐╚Ц┐╪,Core,i5,/,Blu,-,ray,/,Г╬▌,Е⌠│,,,,
379,VGN,-,E50B,E70B,E71B,E51B,E81B,E91B,E72B,Г■╗,FDD,/,e50b,-,fdd,,,,,,,,,,
380,Ф√╟Е⌠│,512mb,/,DDR2,-,667,/,PC5300,/,SONY,VGN,-,AS53,AS54,AR71,AR70,FS32,,,,,,,,
381,Ф√╟Е⌠│,512mb,/,DDR2,-,667,/,PC5300,/,SONY,VGN,-,AR52,AR91,AR70,AS33,FE90,,,,,,,,
382,Ф√╟Е⌠│,1GB,/,DDR2,-,667,/,PC5300,/,SONY,VGN,-,FT53,FT73,VGN,-,FE20,FS92FS33,,,,,,,
383,FS53B,FS20,FS33B,FS23B,FS92,FE33,Г■╗,Ц┌╚Ц┐░Ц┐╪,/,FS51B,-,c2,,,,,,,,,,,,,
384,PCG,-,NV55E,/,B,NV99E,/,B,NV90E,NV99M,/,BP,NV90,Г■╗,CPU,Ц┐∙Ц┌║Ц┐Ё,/,nv55fan,,,,,,,
385,SONY,FE,FS,FW,FZ,Ц┌╥Ц┐╙Ц┐╪Ц┌╨,Г■╗,Ф╤╡Ф≥╤,Ц┌╓Ц┐Ё,Ц┐░Ц┐╪Ц┌©Ц┐╪,HBL,-,0365,@,2,,,,,,,,,,
386,Ф═╪Е╝┴,HDD,Д╨╓Ф▐⌡,Ц┐▐Ц┐╪Ц┐┴Ц┐┤Ц┌ёЦ┌╧Ц┌╞,Д╨╓Ф▐⌡,/,Ц┐┤Ц┐╪Ц┌©,Г╖╩Х║▄,/,Ц┐▒Ц┌╫Ц┌ЁЦ┐Ё,Д©╝Г░├,,,,,,,,,,,,,,
387,VAIO,Г╢■Ф╜ё,AC,Ц┌╒Ц┐─Ц┐≈Ц┌©Ц┐╪,PCGA,-,AC19V3,/,FR,NV,PCG,-,GRX,Ц┌╥Ц┐╙Ц┐╪Ц┌╨,Г■╗,,,,,,,,,,
388,VAIO,Г╢■Ф╜ё,AC,Ц┌╒Ц┐─Ц┐≈Ц┌©Ц┐╪,PCGA,-,AC19V3,FR,NV,PCG,-,GRX,Ц┌╥Ц┐╙Ц┐╪Ц┌╨,Г■╗,,,,,,,,,,,
389,SONY,VAIO,Е▌÷Г┴┬,VPCF247FJ,/,248FJ,/,249FJ,Ц┐╙Ц┌╚Ц┐░Ц┐╙Ц┐╪Ц┐┤Ц┌ёЦ┌╧Ц┌╞,,,,,,,,,,,,,,,,
390,VAIO,VGN,-,NR51B,/,1GB,/,160GB,/,Vista,/,Ц┐╙Ц┌╚Ц┐░Ц┐╙,Ф╦┬,/,Office2003,,,,,,,,,,
391,TW9394V,-,0,V21,SONY,FE550FM,_,FE550G,Г■╗,Ф╤╡Ф≥╤,Ц┌╓Ц┐Ё,Ц┐░Ц┐╪Ц┌©Ц┐╪,,,,,,,,,,,,,
392,Ф√╟Е⌠│,Ц┌╜Ц┐╪Ц┐°Ц┐╪Ц┐┴,И≤╡Е║╣,Ц┌╚Ц┐░Ц┐╪,PKB,-,VAF6,ELECOM,Ц┌╫Ц┐▀Ц┐╪,VAIO,F,,,,,,,,,,,,,,
393,048,SONY,VAIO,VGN,-,FZ52B2,C2D,@,2,.,2GHz,DRAM,:,2G,HDD,:,80G,Win7,Ф╦┬,,,,,,
394,SONY,VAIO,Е▌÷Г┴┬,VPCZ22AJ,Ц┐╙Ц┌╚Ц┐░Ц┐╙Ц┐╪Ц┐┤Ц┌ёЦ┌╧Ц┌╞,,,,,,,,,,,,,,,,,,,,
395,SONY,VAIO,GRX52G,/,BP,О╪ёО╪╟О╪╣,Ц┐∙Ц┌║Ц┐Ё,(,UDQFYZH08,-,S0,)+,Ц┐▓Ц┐╪Ц┐┬Ц┌╥Ц┐ЁЦ┌╞,,,,,,,,,,,,
396,VAIO,VGN,-,FE32B,/,W,CelM430,1,.,7GHz,Д╦▀Е█┼Х╨╚,(,Ф°╛Д╫⌠,),Е▀∙Д╫°,Г╒╨Х╙█,(,3102462,,,,,,,
397,SONY,VAIO,C,Ц┌©Ц┌╓Ц┐≈,VPCC,/,VPCE,/,SVE,Е╞╬Е©°,VGP,-,BPS26,Ц┐░Ц┐┐Ц┐├Ц┐╙Ц┐╪,10,.,8v,,,,,,,,
398,Ф√╟Е⌠│,Е╝ Е╫╒,Е╓√,140,Е├├,SONY,VGN,-,CS,CPU,Ц┐∙Ц┌║Ц┐Ё,MCF,-,C29BM05,,,,,,,,,,,
399,Е⌡╫Е├┘,Г≥╨И─│,Ц│┼Ц│╬Ц│▒,Д╩≤,SONY,VGN,-,CS,CPU,Ц┐∙Ц┌║Ц┐Ё,MCF,-,C29BM05,,,,,,,,,,,,
400,Ф√╟Е⌠│,Ц┌╒Ц┐╚Ц┐÷,Ц┌╥Ц┐╪Ц┐╚,Д╩≤,SONY,VGN,-,CS,CPU,Ц┐∙Ц┌║Ц┐Ё,MCF,-,C29BM05,,,,,,,,,,,,
401,Ц│┼Ц│≈Ц┌┐Ц┌▄,Ц┐⌡Ц┐╞Ц┌╓Ц┐┬,Б≥╙,VGN,-,NR50B,Windows,Vista,Ф░╜Х╪┴,,,,,,,,,,,,,,,,
402,Ф√╟Е⌠│,И∙╥Ф°÷,Д©²Х╗╪,SONY,VGN,-,CS,CPU,Ц┐∙Ц┌║Ц┐Ё,MCF,-,C29BM05,Ц│┼Ц│╬Ц│▒,,,,,,,,,,,,
403,И∙╥Ф°÷,Д©²Х╗╪,Ц│┼Ц│╬Ц│▒,Д╩≤,SONY,VGN,-,CS,CPU,Ц┐∙Ц┌║Ц┐Ё,MCF,-,C29BM05,,,,,,,,,,,,
404,Д╫©Г■╗,Ц┌╫Ц┐▀Ц┐╪,Г╢■Ф╜ё,Ц┐╙Ц┐│Ц┐ёЦ┐╪Ц┌╦Ц┐ёЦ┐√Ц┐╚Ц┐░Ц┐┐Ц┐├Ц┐╙Ц┐╪Ц┐▒Ц┐┐Ц┌╞,VGP,-,BPS24,,,,,,,,,,,,,,,,,,
405,Д╬©Е┬╘,TV,Ф╘÷Х┐╫,Д╩≤Ц│█,Ц┌╫Ц┐▀Ц┐╪,VAIO,PC,Ц┐▌Ц┐╪Ц┐┬Ц┐√Ц┐┐Ц┌╞,,,,,,,,,,,,,,,,,
406,SONY,VAIO,VPCEB48FJ,Ц┐║Ц┐╒Ц┐╙,О╪■GBHDDО╪∙О╪░О╪░GB,1,Е├├,Ц┌╧Ц┌©Ц┐╪Ц┐┬,,,,,,,,,,,,,,,,,
407,О╪ЁО╪╞О╪╝О╪╧,Ц┐∙Ц┐╜Ц┐┐Ц┐■Ц┐╪Ц┐┤Ц┌ёЦ┌╧Ц┌╞,Ц┐┴Ц┐╘Ц┌╓Ц┐√,О╪╟О╪ёО╪╖О╪║,О╪╣О╪╕О╪╓О╪∙,,,,,,,,,,,,,,,,,,,,
408,SONY,VAIO,TV,Х╕√Х│╢,VGN,-,FW71DB,Ц┐√Ц┐╚Ц┐╪,Ц┐╛Ц┌╓,Е╞╬Е©°,FullHD1080,vista,,,,,,,,,,,,,
409,Ф√╟Е⌠│,И∙╥Ф°÷,Д©²Х╗╪,SONY,VGN,-,CS,CPU,Ц┐∙Ц┌║Ц┐Ё,MCF,-,C29BM05,Ц│┼Ц│╬Ц│▒,,,,,,,,,,,,
410,SONY,VAIO,VGN,-,FZ50B,Ц┐║Ц┐╒Ц┐╙,4G,Е╒≈Х╗╜,NVIDIA8400M,office2007,,,,,,,,,,,,,,,
411,VPCEB17FJ,/,L,Corei3,/,2,.,13GHz,/,500GB,/,Office2007,Г╬▌,Е⌠│,,,,,,,,,,,
412,И∙╥Ф°÷,Д©²Х╗╪,Ц│┼Ц│╬Ц│▒,Д╩≤,SONY,VGN,-,CS,CPU,Ц┐∙Ц┌║Ц┐Ё,MCF,-,C29BM05,,,,,,,,,,,,
413,И∙╥Ф°÷,Д©²Х╗╪,Ц│┼Ц│╬Ц│▒,Д╩≤,SONY,VGN,-,CS,CPU,Ц┐∙Ц┌║Ц┐Ё,MCF,-,C29BM05,,,,,,,,,,,,
414,Ц┌╦Ц┐ёЦ┐ЁЦ┌╞,SONY,VAIO,FS22B,BIOS,Г╒╨Х╙█,,,,,,,,,,,,,,,,,,,
415,VPCEE25FJ,Win7,Athl2,-,P320,Ц┌╧Ц┐╪Ц┐▒Ц┐·Ц┐╚Ц┐│,Ц┐╙Ц┌╚Ц┐░Ц┐╙,Е⌠│,,,,,,,,,,,,,,,,,
416,Ф√╟Е⌠│,SONY,(,"Х╘·,Г╣└Г╧",■,"*,*,",",Ц┌",Ц┐▀,"┐╪,Ц┌╫Ц┐▀Ц┐",,,,,,,,,,,,,,,,
417,Ф√╟Е⌠│,Ц│┼Ц│╬Ц│▒,Д╩≤,SONY,VGN,-,SZ,Г■╗,CPU,"┌╞,Ц┐╛",Ц┌╓Ц┌╜Ц┐ё,,,,,,,,,,,,,,
418,SONY,VAIO,VGN,-,N50HB,Ц┐╙Ц┌╚,Ц┐░Ц┐╙Ц┐╪,Е├┘Х┤⌠,,,,,,,,,,,,,,,,,
419,"░█Х╘·,Е⌡╨",Е░█Х,Г╣└,Г,"╧■,*,",*,",",┌╫Ц┐▀,"┐ЁЦ┌╞,Ц┌╦Ц┐ё",,,,,,,,,,,,,,,,
420,b705,SONY,VAIO,Fit,15E,SVF15217CJB,[,Ц┐√Ц┐╘Ц┐┐Ц┌╞,],Е°╗Е╨╚,/,1,,,,,,,,,,,,,
421,Е┘┴,Х┬┬Ф╔╜,Ц┐▌Ц┐╪Ц┐┬,Ц┌©Ц┌╓Ц┐≈,Ц┌╗Ц┌╧Ц┌╗Ц┐╪Ц┌╒Ц┌╓,Е┘┴Ф╡╒,Ц┐∙Ц┐╘Ц┐┐Ц┐┬,SAIW,-,156LZ,/,FP,,,,,,,,,,,,,
422,SONY,VGN,-,FS31B,VGN,-,FS23B,Ф╤╡Ф≥╤,Ц┌╓Ц┐Ё,Ц┐░Ц┐╪Ц┌©Ц┐╪,D2032,-,B001,-,M1,-,1,@,1,,,,,,
423,SonyVaio,FZ92NS,Core2Duo,T7250,2,.,0GHz,Mem2,.,5GB,80GB,Vista,,,,,,,,,,,,,
424,Ф√╟Е⌠│,VAIO,Ц┌╜Ц┐╪Ц┐°Ц┐╪Ц┐┴,Ц┌╕Ц┌╗Ц┌╒,Ц┌╙Ц┐╛Ц┐ЁЦ┌╦,VGP,-,KBV3,,,,,,,,,,,,,,,,,
425,Ф√╟Е⌠│,VAIO,Ц┌╜Ц┐╪Ц┐°Ц┐╪Ц┐┴,Ц┌╕Ц┌╗Ц┌╒,Ц┐░Ц┌╓Ц┌╙Ц┐╛Ц┐┐Ц┐┬,VGP,-,KBV3,,,,,,,,,,,,,,,,,
426,Ф√╟Е⌠│,VAIO,Ц┌╜Ц┐╪Ц┐°Ц┐╪Ц┐┴,Ц┌╕Ц┌╗Ц┌╒,Ц┐■Ц┐ЁЦ┌╞,VGP,-,KBV3,,,,,,,,,,,,,,,,,
427,Ф√╟Е⌠│,SONY,VGP,-,BPS24,VAIO,Г╢■Ф╜ё,Ц┐▌Ц┐╪Ц┐┬,Г■╗,Ц┐░Ц┐┐Ц┐├Ц┐╙,Ц┐▒Ц┐┐Ц┌╞,,,,,,,,,,,,,,
428,VGN,-,FS21B,FS31B,FS51B,FS71B,Д©╝Г░├,Г■╗,Ц┐∙Ц┌║Ц┐Ё,Ц┌╚Ц┐░Ц┐╪,/,FS21B,-,fanc,,,,,,,,,,,
429,VGN,-,FE53B,FE33B,FE52B,FE32B,FE92,Г■╗,Ц┐∙Ц┌║Ц┐Ё,Ц┌╚Ц┐░Ц┐╪,/,FE53B,-,fanc,,,,,,,,,,,
430,Г┬├Е╝┴,Г╔╜,SONY,SVF15N18DJS,[,Ц┌╥Ц┐╚Ц┐░Ц┐╪,],И√▀Е╟│,Е⌠│,/,Office,/,Д©²Х╗╪,О╪▒,Е╧╢,,,,,,,,,,
431,SONY,VAIO,VGN,-,BX6AAPS,Cel,-,2,.,4,/,512,/,Ф╤╡Ф≥╤,Е┴╡Ц┌▄,/,Ц┌╦Ц┐ёЦ┐ЁЦ┌╞,#,1,,,,,,
432,Ф√╟Е⌠│,500GB,HDD,Е╞▄Её╚И─ ,FMV,Windows7,_,XP,Office2007,+,Ц┐╙Ц┌╚Ц┐░Ц┐╙,Д╩≤,,,,,,,,,,,,,
433,VGN,-,FE31B,FE51B,FE21,FE91P,FE53B,Г■╗,Ф╤╡Ф≥╤,И√▀И√┴,Ц┐╘Ц┐┐Ц┐│,/,FE31B,-,rc,,,,,,,,,,
434,PCG,-,FX,ГЁ╩,Г■╗,Е├┘Х■╣,FDD,PCGA,-,FDF1,Used,,,,,,,,,,,,,,
435,VGN,-,FE31B,FE51B,FE21,FE91P,Д©╝Г░├,Г■╗,Ф╤╡Ф≥╤,Ц┐║Ц┐╒Ц┐╙,Ц┌╚Ц┐░Ц┐╪,/,FE31B,-,mcov2,,,,,,,,,,
436,VGN,-,FS21B,FS31B,FS51B,FS71B,Д©╝Г░├,",Ц┌",╥Ц┐╔Ц┌╕Ц┐,╙,",Ц┌╥Ц",┐,╔Ц,,,,,,,,,,,,
437,Е█ЁФ≈╔,Г≥╨И─│,Ф√╟Е⌠│,SONY,PCG,-,71712N,(,Vaio,VPCCB,),Ф╤╡Ф≥╤,Ц┐▒Ц┐█Ц┐╚,,,,,,,,,,,,
438,VGN,-,FS21B,FS31B,FS51B,FS71B,Д©╝Г░├,Г■╗,Ф╤╡Ф≥╤,Ц┌╠Ц┐╪Ц┐√Ц┐╚,/,FS21B,-,cab,,,,,,,,,,,
439,Ф√╟Е⌠│,512mb,/,DDR2,-,667,/,PC5300,/,SONY,VGN,-,AR50,AR91,VGN,-,FE31,FS53,,,,,,,
440,Е█ЁФ≈╔,Г≥╨И─│,Sony,Vaio,VGN,-,FS,Ц┌╥Ц┐╙Ц┐╪Ц┌╨,Ф≈╔Ф°╛Х╙·,Ц┌╜Ц┐╪Ц┐°Ц┐╪Ц┐┴,(,И╩▒,),,,,,,,,,,,,
441,DDR,Ф√╟Е⌠│,512MB,/,pc2700,/,Sony,VGN,-,A71s,FS30B,K70B,K71B,FS50B,V505,,,,,,,,,,
442,DDR,Ф√╟Е⌠│,512MB,/,pc2700,/,Sony,VGN,-,Y90Ps,K50B,Fs71B,E51B,A70p,E71B,,,,,,,,,,
443,DDR,Ф√╟Е⌠│,512MB,/,pc2700,/,Sony,VGN,-,Y70p,K31B,FS70B,E91B,A61B,E70B,,,,,,,,,,
444,Ф√╟Е⌠│,2GB,/,DDR2,-,667,/,PC5300,/,type,F,/,VGN,-,FZ32B,FZ52B,FZ62B,FZ92N,,,,,,,
445,SONY,Ц┌╫Ц┐▀Ц┐╪,VAIO,Ц┐▌Ц┐╪Ц┐┬,Ц┐▒Ц┌╫Ц┌ЁЦ┐Ё,PCG,-,791N,XP,Е╞╬Е©°,Ц┐╒Ц┐┤Ц┐╚,CEGC,,,,,,,,,,,,,
446,NR51B,NR71B,NR52B,NS51B,NS52JB,N51B,Г■╗,USB,Г╚╞Е╜░,/,NR51B,-,usb,,,,,,,,,,,,
447,R408,SONY,VAIO,VGN,-,FS23B,CelM,370,1,.,5GHz,80GB,1GB,,,,,,,,,,,,
448,И≥░Е╝ ,1,Е▐╟,SONY,VAIO,Fit,15A,SVF15N17DJB,Ц┐√Ц┐╘Ц┐┐Ц┌╞,/,Ф√╟Е⌠│,Д©²Х╗╪,Д╩≤,,,,,,,,,,,,
449,Ф√╟Е⌠│,SONY,VPCEH19FJ,LP156WH4,(,TL,)(,A1,Ф╤╡Ф≥╤,Ц┐▒Ц┐█Ц┐╚,,,,,,,,,,,,,,,
450,3674,Б√═=,Ц┌╫Ц┐▀Ц┐╪,VPCEB17FJ,Г■╗,"╪Ц┐┴,Ц┌╜Ц┐╪Ц┐°Ц",┐,"╪Ц┐┴,Ц┌╜Ц",┐,,,,,,,,,,,,,,,,
451,SONY,VAIO,VPCEB2AFJ,Core,-,i5,Win7,Д╦╜Е▐╓,Е▀∙Д╫°,Е⌠│,Ц┌╙Ц┐∙Ц┌ёЦ┌╧,2010,Ф°┴,,,,,,,,,,,,
452,ARGtek,Е╟▐Е·▀,Ц┐▐Ц┌╓,Ц┐▒Ц┐╞Ц┐╪,316mW,11n,Г└║Г╥ ,LAN,USB,Ц┌╒Ц┐─Ц┐≈Ц┌©Ц┐╪,(,Ф╓°,gsky,,,,,,,,,,,,
453,"╘·,Д╦─",",*,*","*,*,","╦╜Е▐╓,Ц┐│",Ц,"╕Ц┌Ё,Ц┐",,,,,,,,,,,,,,,,,,,
454,K02,SONY,Vaio,VGN,-,NR,Ц┌╥Ц┐╙Ц┐╪Ц┌╨,Х▀╠Х╙·,"╜Ц┐╪Ц┐°Ц┐╪Ц┐┴,Ц",╜Ц┐,╪,Ц┐°Ц┐,,,,,,,,,,,,,
455,SONY,VAIO,PCG,-,FR77E,/,B,Celeron,1,.,7GHz,Ц┐▌Ц┐╪Ц┐┬,Ц┌╦Ц┐ёЦ┐ЁЦ┌╞,N7866,,,,,,,,,,,
456,SONY,VAIO,VPCF14AFJ,8GB,500GB,COREi7,blu,-,ray,office2010,,,,,,,,,,,,,,,
457,Д╦╜Е▐╓,SONY,VAIO,Ф╤╡Ф≥╤,Ц┌╓Ц┐Ё,Ц┐░Ц┐╪Ц┌©Ц┐╪,HBL,-,0365,/,FW,FS,2,Г│╞,Е╪▐,,,,,,,,,,
458,Д╦╜Е▐╓,SONY,VAIO,Fit,15,SVF15A19CJB,15,.,5,Е·▀,Ц┐▌Ц┐╪Ц┐┬,PCT886251,Б┬·,,,,,,,,,,,,
459,3667,Б√═=,Ц┌╫Ц┐▀Ц┐╪,VPCEE47FJ,Г■╗,15,Ц┌╓Ц┐ЁЦ┐│,Ц┐╞Ц┌╓Ц┐┴,Ф╤╡Ф≥╤,(,Е┘┴Ф╡╒,),,,,,,,,,,,,,
460,3677,Б√═=,Ц┌╫Ц┐▀Ц┐╪,VPCEB17FJ,Г■╗,Ц┐║Ц┐╒Ц┐╙,1G,(,PC3,-,8500S,-,7,-,10,-,B1,),,,,,,,
461,Ф√╟Е⌠│,SONY,VPCEH19FJ,VPCEH18FJ,VPCEH17FJ,Ф╤╡Ф≥╤,Ц┐▒Ц┐█Ц┐╚,,,,,,,,,,,,,,,,,,
462,И≥░Е╝ ,1,Е▐╟,Ц┐▌Ц┐╪Ц┐┬,PC,SONY,VAIO,Fit,15E,SVF15318DJW,/,Ф√╟Е⌠│,Д©²Х╗╪,Д╩≤,,,,,,,,,,,
463,VAIO,VGN,-,NW50JB,C2D,P8700,/,500GB,/,4GB,/,HDMI,/,Win7,/,Office2010,,,,,,,,,
464,[,Ф√╟Е⌠│,],SONY,VAIO,Fit,15E,SVF15328EJW,,,,,,,,,,,,,,,,,
465,VAIO,VGN,-,AS,Ц┌╥Ц┐╙Ц┐╪Ц┌╨,Е╞╬Е©°,DVD,Ц┌╧Ц┐╪Ц┐▒Ц┐╪Ц┐·Ц┐╚Ц┐│Ц┐┴Ц┐╘Ц┌╓Ц┐√,Е▀∙Д╫°,Е⌠│,,,,,,,,,,,,,,,
466,И─│Ф√≥,Г└║Ф√≥,SONY,Ц┐╙Ц┐│Ц┌╕Ц┐═Ц┌╓Ц┌╙Ц┐ЁЦ┐░Ц┐┐Ц┐├Ц┐╙Ц┐╪,PCGA,-,BP2NX,Е▀∙Д╫°,Г╒╨Х╙█,,,,,,,,,,,,,,,,
467,SONY,VAIO,/,FZ52B2,/,Core2Duo,T7500,/,Win,-,VistaHP,-,SP1,/,250GB,/,,,,,,,,,
468,VAIO,VPCF11AFJ,Core,i5,/,500GB,/,4GB,/,HDMI,/,HD,/,Win7,/,Office2010,,,,,,,,,
469,V),0чь,,,,,,,,,,,,,,,,,,,,,,,
470,Windows7,Ц┐▌Ц┐╪Ц┐┬,PC,15,.,4,Е·▀,SONY,VAIO,TYPE,F,VGN,-,FE31B,/,W,,,,,,,,,
471,sony,VGN,-,BZAANS,C2D,-,2,.,53GHz,/,4G,/,200G,/,MULTI,/,11g,/,15,.,4W,/,VISTA,,
472,Е°╗Е╨╚,Е┤╕Е┬├,Г╢■Ф╜ё,SONY,FX,Ц┌╥Ц┐╙Ц┐╪Ц┌╨,Г■╗,Ф≈╔Ф°╛Х╙·,Ц┌╜Ц┐╪Ц┐°Ц┐╪Ц┐┴,,,,,,,,,,,,,,,,
473,SONY,SVE15127CJW,win8,core,i7,Ц┐·Ц┌╤Ц┐╪,Ц┐°Ц┐╪Ц┐┴,,,,,,,,,,,,,,,,,,
474,SONY,VGN,-,AS53B,512MB,/,DVD,Ц┐·Ц┐╚Ц┐│,/,PentiumM,-,1,.,73GHz,,,,,,,,,,,
475,sony,VGN,-,BZAANS,C2D,-,2,.,53GHz,/,4G,/,200G,/,MULTI,/,11g,/,15,.,4W,/,VISTA,,
476,SONY,VGN,-,AS53PS,240GB,Е▀∙Д╫°,"╒╨Х╙█,",Ц┌╚,┌╞Ц┐▀Ц,,,,,,,,,,,,,,,,
477,Ц┌╫Ц┐▀Ц┐╪,"Х┬╛,*,*,*",Ц┐,░,Ц,"┐ЁЦ┐│,Ц┌╓",",Ц┌",,,,,,,,,,,,,,,,,,
478,Ц┌╦Ц┐ёЦ┐ЁЦ┌╞,Х╘·,",",Г╣└Г╧,■,",",,,,,,,,,,,,,,,,,,,
479,Ф═╪Е╝┴,HDD,Д╨╓Ф▐⌡,Ц┐▐Ц┐╪Ц┐┴Ц┐┤Ц┌ёЦ┌╧Ц┌╞,Д╨╓Ф▐⌡,/,Ц┐┤Ц┐╪Ц┌©,Г╖╩Х║▄,/,Ц┐▒Ц┌╫Ц┌ЁЦ┐Ё,Д©╝Г░├,,,,,,,,,,,,,,
480,И≥░Е╝ ,1,Е▐╟,SONY,VAIO,Fit,15E,SVF15317DJB,Ц┐√Ц┐╘Ц┐┐Ц┌╞,/,Ф√╟Е⌠│,Д©²Х╗╪,Д╩≤,,,,,,,,,,,,
481,Б≥╙,Win7,Ф░╜Х╪┴,Б≥╙,Г╬▌,Г≥╫,Б≥╙,VAIO,┌ЁЦ┌╕Ц┌╩Ц,┌╓Ц,"┌╕,Ц┌",╪Ц┌,╩,Ц┌╓Ц┐,,,,,,,,,,,
482,Ф√╟Е⌠│,И√▀Е╟│,Ц┌╫Ц┐▀Ц┐╪,VAIO,Fit15E,Corei7,8G,Win7,HDD500,,,,,,,,,,,,,,,,
483,Г╬▌,Е⌠│,VAIO,VGN,-,FW91S,Ц┐│Ц┌©Ц┐Ё,Ц┌╟Ц┐╛Ц┐╪,VAIO,OWNER,MADE,,,,,,,,,,,,,,
484,s15,Ц┐▌Ц┐╪Ц┐┬,PC,И⌡╩Ф╨░,Ц┌╦Ц┐ёЦ┐┐Ц┌╞,Д©╝Г░├,Д╫°Ф╔╜,Д╩ёИ┤▒,5,000,Е├├,Б≤├Б▒╔,,,,,,,,,,,,,
485,Г╬▌,Е⌠│,VAIO,SVS15129CJS,i7,/,Win8,/,12GB,/,256GB,/,BD,-,RE,/,GT640M,LE,,,,,,,
486,V),,Ц,ь,,,,,,,,,,,,,,,,,,,,,
487,SONY,VGN,-,FE30B,Celeron420,1,.,6GHz,512MB,80GB,XP,DtoD,#,410,-,111,,,,,,,,,
488,3666,Б√═=,Ц┌╫Ц┐▀Ц┐╪,VPCEE47FJ,Г■╗,Ц┌╠Ц┐╪Ц┌╧,/,Ц┐·Ц┌╤Ц┐╪,Ц┐°Ц┐╪Ц┐┴,/,CPU,:,Win7,Ц┌╜Ц┐╪,Ф°┴,,,,,,,,,,
489,И≥░Е╝ ,1,Е▐╟,Ц┐▌Ц┐╪Ц┐┬,PC,SONY,VAIO,Fit,15E,SVF1521BAJ,/,Ф√╟Е⌠│,Д©²Х╗╪,Д╩≤,,,,,,,,,,,
490,Ф√╟Е⌠│,SONY,VAIO,VGN,-,BZAANS,CPU,Ц┐∙Ц┌║Ц┐Ё,Е╝ Е╫╒,Е╓√,Ц│┼Ц│╬Ц│▒,Д╩≤,,,,,,,,,,,,,
491,Ф√╟Е⌠│,SONY,VAIO,type,BZ,VGN,-,BZ,CPU,Ц┐∙Ц┌║Ц┐Ё,MCF,-,C25BM05,,,,,,,,,,,,
492,SONY,VAIO,PCG,-,GRT55F,/,B,Celeron,2,.,4GHz,Bios,Х╣╥Е▀∙,OK,И─│Ф√≥,2,Е┴╡Е╪∙,,,,,,,,
493,SONY,VAIO,VGN,-,K50B,Celeron,2,.,5GHz,"Ц┐ёЦ┐ЁЦ┌╞,Ц┌",,,,,,,,,,,,,,,
494,Д╫©Г■╗,SVE15125CJW,Core,i5,3210M,/,1000GB,/,4GB,/,HDMI,/,BD,/,Office,,,,,,,,,,
495,Ф√╟Е⌠│,SONY,VAIO,VGN,-,BZAANS,CPU,Ц┐∙Ц┌║Ц┐Ё,Е╝ Е╫╒,Е╓√,Ц│┼Ц│╬Ц│▒,Д╩≤,,,,,,,,,,,,,
496,3521,Б√═=,Ц┌╫Ц┐▀Ц┐╪,VGN,-,NR71B,Г■╗,Ц┌╠Ц┐╪Ц┌╧,/,Ц┐·Ц┌╤Ц┐╪,Ц┐°Ц┐╪Ц┐┴,/,CPU,:,Core2Due,,,,,,,,,,
497,Ф√╟Е⌠│,SONY,VAIO,type,BZ,VGN,-,BZ,CPU,Ц┐∙Ц┌║Ц┐Ё,MCF,-,C25BM05,,,,,,,,,,,,
498,3526,Б√═=,Ц┌╫Ц┐▀Ц┐╪,VGN,-,NR71B,Г■╗,Г└║Г╥ ,LAN,Ц┌╚Ц┐╪Ц┐┴,(,WM3945ABG,),,,,,,,,,,,,
499,Ц┌╦Ц┐ёЦ┐ЁЦ┌╞,SONY,VAIO,VGN,-,FS50B,Ц┐│Ц┌╖Ц┐┐Ц┌╞,F,J164662,,,,,,,,,,,,,,,,
500,DDR,"╘·,Д╦─",Х┬╛,",","*,*,*,",*,",Ф√╟","⌠│,Ц",╥,┐,Ц,■,┐,",Ц┌╥Ц┐",ЁЦ┐■Ц┐,,,,,,,,,,
501,3668,Б√═=,Ц┌╫Ц┐▀Ц┐╪,VPCEE47FJ,Г■╗,"╪Ц┐┴,Ц┌╜Ц┐╪Ц┐°Ц",┐,"╪Ц┐┴,Ц┌╜",Ц,,,,,,,,,,,,,,,,
502,3522,Б√═=,Ц┌╫Ц┐▀Ц┐╪,VGN,-,NR71B,Г■╗,15,Ц┌╓Ц┐ЁЦ┐│,Ц┐╞Ц┌╓Ц┐┴,(,Е┘┴Ф╡╒,),,,,,,,,,,,,
503,Ф√╟Е⌠│,И─│Ф√≥,140,SONY,VGN,-,FZ,Г■╗,CPU,Ц┐∙Ц┌║Ц┐Ё,UDQFRPR62CF0,,,,,,,,,,,,,,
504,Г╬▌,Е⌠│,VAIO,VPCEB39FJ,Core,i5,/,Win7,/,8GB,/,500GB,/,BD,-,RE,/,eSATA,Г╚╞Е╜░,,,,,,
505,Ц┌╦Ц┐ёЦ┐ЁЦ┌╞,SONY,VAIO,VGN,-,FE30B,Ц┐│Ц┌╖Ц┐┐Ц┌╞,F,J163182,,,,,,,,,,,,,,,,
506,3525,Б√═=,Ц┌╫Ц┐▀Ц┐╪,VGN,-,NR71B,Г■╗,DVD,Ц┌╧Ц┐╪Ц┐▒Ц┐╪,Ц┐·Ц┐╚Ц┐│,(,AP,-,7560A,),,,,,,,,,,
507,Ф√╟Е⌠│,SONY,VAIO,Fit15E,SVF15317DJW,office,Д╩≤,/,win8,/,Д©²Х╗╪,Ф°┴,,,,,,,,,,,,,
508,SONY,VGN,-,FS30B,CelM,1,.,4GHz,256M,80G,BIOSOK,Ц┌╦Ц┐ёЦ┐ЁЦ┌╞,#,410,-,112,,,,,,,,,
509,3523,Б√═=,Ц┌╫Ц┐▀Ц┐╪,VGN,-,NR71B,Г■╗,"╪Ц┐┴,Ц┌╜Ц┐╪Ц┐°Ц",┐,"╪Ц┐┴,Ц┌╜Ц┐",╪,,,,,,,,,,,,,,
510,3670,Б√═=,╨Ф°┴Е░█Х╘,"╣└Г╧■,*,*",",*,",Ц┌╫,"┌╧Ц┐╪Ц┐▒Ц┐╪,",Ц┌╧Ц┐╪Ц┐▒,,,,,,,,,,,,,,,,,
511,SONY,VAIO,PCG,-,GR7F,│²Ц│⌠Ц│²Ц,Ц┌╫Ц┌ЁЦ┌╫Ц┌Ё,",Ц┌",,,,,,,,,,,,,,,,,
512,VAIO,VPCEB49FJ,Core,i5,/,500GB,/,4GB,/,HDMI,/,Win7,/,Office2010,,,,,,,,,,,
513,VGN,-,FE31B,/,CM430,/,1024M,/,80G,/,DVDS,/,WLAN,/,Ц┌╚Ц┐║Ц┐╘,,,,,,,,,,
514,SONY,VAIO,VPCEE47FJ,Win7,И╚≤Ф─╖Х┐╫,Ц┐▌Ц┐╪Ц┐┬,PC,Ц┐║Ц┐╒Ц┐╙,4GB,500GB,,,,,,,,,,,,,,,
515,3673,Б√═=,Ц┌╫Ц┐▀Ц┐╪,VPCEB17FJ,Г■╗,15,Ц┌╓Ц┐ЁЦ┐│,Ц┐╞Ц┌╓Ц┐┴,Ф╤╡Ф≥╤,(,Е┘┴Ф╡╒,),,,,,,,,,,,,,
516,VAIO,SVE15125CJ,Core,i5,3210M,/,1000GB,/,8GB,/,HDMI,/,Office2013,,,,,,,,,,,,
517,Ф√╟Е⌠│,SONY,VAIO,PCG,-,71B11N,Ф╤╡Ф≥╤,Ц┐▒Ц┐█Ц┐╚,15,.,6,Ц┌╓Ц┐ЁЦ┐│,,,,,,,,,,,,,
518,Ф°╛Г┴╘,Д©²Х╗╪,ALFA,2000mW,11n,Г└║Г╥ ,LAN,USB,AWUS036NH,(,Ф╓°,gsky,,,,,,,,,,,,,
519,Е├┼Е╜░,PMB,VAIO,Edition,Г┴╧Е┬╔,Г┴┬,Ф╦┘Ф╟╢,Г░├,Е▐╡,И²·Её╡Е⌠│,,,,,,,,,,,,,,,
520,О╪ЁО╪╞О╪╝О╪╧,VPCEE35FJ,Ц┐╙Ц┌╚Ц┐░Ц┐╙,Ф╦┬Ц│©,,,,,,,,,,,,,,,,,,,,,
521,Ф√╟Е⌠│,SONY,VAIO,EH1,VPCEH100C,VPCEH200C,Г■╗,HDD,Ц┌╒Ц┐─Ц┐≈Ц┌©Ц┐╪,,,,,,,,,,,,,,,,
522,Ц┌╦Ц┐ёЦ┐ЁЦ┌╞,VAIO,VGN,-,FZ72B,Coer2Duo,T7500,2,.,2GHО╫ ,15,.,4,Е·▀,BD,,,,,,,,,,
523,Г╬▌,Е⌠│,SONY,VAIO,VPCEL16FJ,AMD,E,-,350,/,Win7,/,4GB,/,500GB,,,,,,,,,,
524,VAIO,VPCCB28,Core,i5,2410M,/,640GB,/,4GB,/,HDMI,/,Win7,/,Office2010,,,,,,,,,,
525,R489,7,Ф░╜Х╪┴,VGN,-,FZ52B,Core,2,Duo,2,.,2G,/,4G,/,250G,,,,,,,,,
526,SONY,VGN,-,AS34B,VAIO,250GB,1GB,Ц┐╙Ц┌╚Ц┐░Ц┐╙Ц┐╪,Е▀∙Д╫°,Г╒╨Х╙█,Ф╦┬,,,,,,,,,,,,,,
527,Ц┌╫Ц┐▀Ц┐╪,VGN,Ц┐╪,TX52B,/,Windows7,/,OFFICE2007,,,,,,,,,,,,,,,,,
528,Г╬▌,Е⌠│,VAIO,SVE15113FJW,Pentium,B970,/,Win7,/,8GB,/,640GB,,,,,,,,,,,,,
529,SONY,Vaio,VGN,-,NR50B,Celeron,1,.,73GHz,1GBRAM,Vista,Ц┐╙Ц┌╚Ц┐░Ц┐╙,Ф╦┬,,,,,,,,,,,,
530,VAIO,SVE15127CJ,Core,i7,3632QM,/,1000GB,/,8GB,/,HDMI,/,Office2013,,,,,,,,,,,,
531,И≥░Е╝ ,1,Е▐╟,SONY,VAIO,Fit,15A,SVF15N28EJB,Ц┐√Ц┐╘Ц┐┐Ц┌╞,/,Ф√╟Е⌠│,Д©²Х╗╪,Д╩≤,,,,,,,,,,,,
532,SONY,SVE15117FJW,win7,core,i5,Ц┐·Ц┌╤Ц┐╪,Ц┐°Ц┐╪Ц┐┴,,,,,,,,,,,,,,,,,,
533,SONY,VGN,-,FE53B,Ц┐░Ц┐┐Ц┌╞,Ц┐╘Ц┌╓Ц┐┬,NG,Ц┌╦Ц┐ёЦ┐ЁЦ┌╞,#,410,-,114,,,,,,,,,,,,,
534,И≥░Е╝ ,1,Е▐╟,SONY,VAIO,Fit,SVF15A17CJS,Ц┌╥Ц┐╚Ц┐░Ц┐╪,/,Ф√╟Е⌠│,Д©²Х╗╪,Д╩≤,,,,,,,,,,,,,
535,VPCEH3AJ,2,.,3GHz,Corei3,Ц┐║Ц┐╒Ц┐╙,4GB,Ц┐╙Ц┌╚Ц┐░Ц┐╙,Д╩≤,PCG,-,71B11N,,,,,,,,,,,,,
536,Е▀∙Г■╩,DVD,Ц┐▒Ц┌╫Ц┌ЁЦ┐Ё,Ф∙≥Е╝╓,15,Ф°╛,Ц┐·Ц┌╧Ц┌©Ц┐╪,Ц┌╩Ц┐┐Ц┐┬,Ц┐╕Ц┐╪Ц┌╤Ц┐╪,Г≥╩И▄╡,Е▐╞,db,,,,,,,,,,,,,
537,8574,Б√═=,SONY,VGN,-,FW30B,Г■╗,"Ц┐°Ц┐╪Ц┐┴,Ц┌╜Ц┐","°Ц┐╪Ц┐┴,Ц",,,,,,,,,,,,,,,,
538,SONY,VAIO,VGN,-,AS33B,1GB,100GB,Ц┐╙Ц┌╚Ц┐░Ц┐╙Ц┐╪,Е▀∙Д╫°,Г╒╨Х╙█,Ф╦┬,,,,,,,,,,,,,,
539,VAIO,HDD,Ц┐·Ц┌╕Ц┐ЁЦ┌©,PCG,-,GRX,/,PCG,-,GRV,,,,,,,,,,,,,,,
540,3671,Б√═=,Ц┌╫Ц┐▀Ц┐╪,VPCEE47FJ,Г■╗,Г└║Г╥ ,LAN,Ц┌╚Ц┐╪Ц┐┴,(,AR5B95,),,,,,,,,,,,,,,
541,SONY,VAIO,VPCF118FJ,i5,/,Win7,/,4GB,/,500GB,/,BD,-,RE,/,Е°╟,Ц┐┤Ц┌╦,/,FULL,HD,,,,,
542,VAIO,VGN,-,AS,Ц┌╥Ц┐╙Ц┐╪Ц┌╨,Е╞╬Е©°,Ф╤╡Ф≥╤,Ц┌ЁЦ┐ЁЦ┐░Ц┐╪Ц┌©Ц┐╪,&,Ф▌╔Г╤ ,Ц┌╠Ц┐╪Ц┐√Ц┐╚,,,,,,,,,,,,,,
543,VAIO,VGN,-,AS,Ц┌╥Ц┐╙Ц┐╪Ц┌╨,Е╞╬Е©°,Г└║Г╥ ,LAN,Ц┌╒Ц┐ЁЦ┐├Ц┐┼,Ц┐╕Ц┐▀Ц┐┐Ц┐┬,,,,,,,,,,,,,,,
544,VAIO,VGN,-,AS,",*,*,*,Ц┌╥Ц┐",",Е╞╬Е©",",Ц┐┼Ц┌",╓Ц┌,"╬Ц┌╕,Ц",┐┼Ц┌╓Ц,,,,,,,,,,,,,,,
545,SONY,VGN,-,E92B,/,B,PCG,-,9V1N,DVD,Ц┐·Ц┐╚Ц┐│,/,PentiumM,-,1,.,7GHz,,,,,,,,
546,Ф√╟Е⌠│,1,Е╧╢,Д©²Х╗╪,SONY,VPCCB,19FJ,29FJ,38FJ,49FJ,48FJ,Ф╤╡Ф≥╤,Ц┐▒Ц┐█Ц┐╚,,,,,,,,,,,,
547,Ф√╟Е⌠│,Е╞▄Её╚И─ ,LIFEBOOK,P770,/,B,Ф╤╡Ф≥╤,Ц┐▒Ц┐█Ц┐╚,LP121WX4,-,TLA1,,,,,,,,,,,,,,
548,И≥░Е╝ ,1,Е▐╟,SONY,VAIO,Fit,15A,SVF15N18DJB,Ц┐√Ц┐╘Ц┐┐Ц┌╞,/,Ф√╟Е⌠│,Д©²Х╗╪,Д╩≤,,,,,,,,,,,,
549,SONY,VGN,-,NW51FB,",*,*,Ц┌╦Ц┐ёЦ",┐ЁЦ,"╞,Ц┌",Ц,ёЦ┐,Ё,Ц┌╞,",",Ц┌╦Ц,,,,,,,,,,,,
550,VAIO,VPCEB17FJ,Core,i3,/,500GB,/,4GB,/,HDMI,/,Win7,/,Office2010,,,,,,,,,,,
551,Г╬▌,Е⌠│,VAIO,10,┼╘Ф∙╟Х,"╘·,*,*","*,Е▒╗Е╧╢,",┌╥,Ц,┐╔Ц┌,╕,Ц┐█,Ц,"┐Ё,",┌╥Ц┐╔,Ц,┐╪Ц┐█,,,,,,,,
552,VAIO,VGN,-,AS,Ц┌╥Ц┐╙Ц┐╪Ц┌╨,Е╞╬Е©°,I,/,F,Ц┐╕Ц┐▀Ц┐┐Ц┐┬,Е░└Г╗╝,4,Г┌╧,Ц┌╩Ц┐┐Ц┐┬,,,,,,,,,,,
553,VAIO,VGN,-,AS,Ц┌╥Ц┐╙Ц┐╪Ц┌╨,Е╞╬Е©°,HDD,Ц┐·Ц┌╕Ц┐ЁЦ┐┬Ц┐┬Ц┐╕Ц┐▀Ц┐┐Ц┐┬,,,,,,,,,,,,,,,,,
554,SONY,VGN,-,NW50JB,CORE2,P8700,"ёЦ┐ЁЦ┌╞,Ц┌╦Ц",,,,,,,,,,,,,,,,,,
555,VAIO,VGN,-,FS51B,Д╦╜Е▐╓,Е▐╞Е▀∙,Ц┌╦Ц┐ёЦ┐ЁЦ┌╞,Ф┴╠Ц│└,Б≥╙Ц──,SONY,typeF,,,,,,,,,,,,,,
556,VGP,-,AC19V11,VGN,-,SZ,/,VGN,-,S,/,VGN,-,C,/,VGN,-,FZ,AC,"┌©,Ц┌╒Ц┐─Ц┐≈",,,,,
557,Г╝║,837,VGN,-,FS23B,(,PCG,-,7G2N,),"ё,Ц┌╦Ц",┐╔Ц┐ЁЦ,┌╩Ц,"┐├Ц┐┼,Ц┌╒Ц┐Ё",,,,,,,,,,,
558,Ц┌╦Ц┐ёЦ┐ЁЦ┌╞,SONY,VAIO,VGN,-,NS52JB,/,P,BIOS,Г╒╨Х╙█,И┐╗Е⌠│,Е▐√Ц┌┼,Ф╛═,Е⌠│,Ф°┴,,,,,,,,,,
559,SONY,VAIO,VGN,-,FS51B,Г■╗,Ц┐·Ц┌╤Ц┐╪,Ц┐°Ц┐╪Ц┐┴,/,Ц┐°Ц┐┬Ц┐═,[,022,],,,,,,,,,,,,
560,И≥░Е╝ ,1,Е▐╟,SONY,VAIO,Fit,15A,SVF15N28EJS,Ц┌╥Ц┐╚Ц┐░Ц┐╪,/,Ф√╟Е⌠│,Д©²Х╗╪,Д╩≤,,,,,,,,,,,,
561,HDD,Ц┐·Ц┌╕Ц┐ЁЦ┌©,VGN,-,NS50,/,VGN,-,NS51,/,VGN,-,NS71,/,VGN,-,NS52,/,VGN,-,NS72,/,NS92,,
562,SONY,VGN,-,NW91FS,Ф╤╡Ф≥╤,Ц┐▒Ц┐█Ц┐╚,,,,,,,,,,,,,,,,,,,
563,Г╝║,186,SONY,VGN,-,FS22VB,Ф╤╡Ф≥╤,Ц┌╠Ц┐╪Ц┐√Ц┐╚,Д╦╜Е▐╓,Г╢■Ф╜ё,,,,,,,,,,,,,,,
564,SONY,SVE15117FJW,win7,core,i5,Ц┌╜Ц┐╪Ц┐°Ц┐╪Ц┐┴,,,,,,,,,,,,,,,,,,,
565,SONY,VAIO,VGN,-,FE21,/,W,XP,Vista,Д╩╔И≥█,Е▐╞,Ц┌╜Ц┐╪,Д╦█Е┌≥,,,,,,,,,,,,
566,Windows7,/,HDMI,/,Core2Duo2,.,53,/,Ф√╟Е⌠│,500G,/,4G,/,Bluray,/,VGN,-,NW70JB,,,,,,,
567,AC,Ц┌╒Ц┐─Ц┐≈Ц┌©,SONY,VAIO,VGP,-,AC19V19,,,,,,,,,,,,,,,,,,
568,SONY,VGN,-,FE51B,/,H,Core2Duo,1,.,66GHz,1G,100G,Ц┌╦Ц┐ёЦ┐ЁЦ┌╞,#,410,-,115,,,,,,,,
569,VAIO,FIT14E,SVF1421A1J,/,Core,i5,/,Win8,/,Ц┌©Ц┐┐Ц┐│,Ц┐▒Ц┐█Ц┐╚,/,office2010,,,,,,,,,,,,
570,Г╬▌,Е⌠│,VAIO,VPCEB38FJ,Core,i3,/,Win7,/,4GB,/,500GB,/,eSATA,Г╚╞Е╜░,,,,,,,,,,
571,3675,Б√═=,Ц┌╫Ц┐▀Ц┐╪,VPCEB17FJ,Г■╗,DVD,Ц┌╧Ц┐╪Ц┐▒Ц┐╪,Ц┐·Ц┐╚Ц┐│,(,AD,-,7700H,),,,,,,,,,,,,
572,SONY,VGN,-,FS31B,Cel,M,370,-,1,.,50GHz,/,512MB,/,80GB,/,Г└║Г╥ ,Ф°┴,,,,,,,
573,Ф√╟Е⌠│,NEC,LaVie,Light,BL350EW6R,Г■╗,10,.,1,Ц┌╓Ц┐ЁЦ┐│,Ф╤╡Ф≥╤,Ц┐▒Ц┐█Ц┐╚,,,,,,,,,,,,,
574,3669,Б√═=,Ц┌╫Ц┐▀Ц┐╪,VPCEE47FJ,Г■╗,"╙Ц┐╪,Ц┐░Ц┐┐Ц┐├Ц",┐,╙Ц┐,╪,",Ц┐░Ц",┐,,,,,,,,,,,,,,
575,Д╨╨Ф╟≈,/,Windows8,.,1,VAIO,Ц┐⌠Ц┐⌠Ц┐┐Ц┐┴Ц┌╚Ц┐╘Ц┐╪Ц┐■Ц┐ЁЦ┌╞,HDD,500GB,Ф√╟Е⌠│,,,,,,,,,,,,,,,
576,1,Е├├,Г╬▌,Е⌠│,SONY,Ц┌╫Ц┐▀Ц┐╪,VAIO,E,Ц┌╥Ц┐╙Ц┐╪Ц┌╨,SVE15123CJW,15,.,5,Е·▀,,,,,,,,,,,
577,VAIO,VPCEB28FJ,Core,i3,/,500GB,/,4GB,/,HDMI,/,Win7,/,Office2010,,,,,,,,,,,
578,Г╬▌,Е⌠│,VAIO,E,Ц┌╥Ц┐╙Ц┐╪Ц┌╨,VPCEL15FJ,/,8G,Е╒≈Х╗╜,/,500GB,/,Win7,/,office2010,,,,,,,,,,
579,SONY,VGN,-,FE90S,512MB,/,DVD,CD,-,RW,/,IntelCeleron,M,-,1,.,6GHz,,,,,,,,
580,Windows7,/,И╚≤И─÷,Ц┐┤Ц┐╔Ц┌╒Ц┐╚,Ц┌ЁЦ┌╒,/,Ф√╟Е⌠│,HDD160G,/,Ц┐║Ц┐╒Ц┐╙,2G,/,VGN,-,NS90HS,,,,,,,,,,
581,И≥░Е╝ ,1,Е▐╟,SONY,VAIO,Fit,15A,SVF15N17DJP,Ц┐■Ц┐ЁЦ┌╞,/,Ф√╟Е⌠│,Д©²Х╗╪,Д╩≤,,,,,,,,,,,,
582,Ц┌╫Ц┐▀Ц┐╪,VAIO,type,N,VGN,-,NR72B,Office,Д╩≤,,,,,,,,,,,,,,,,
583,SONY,VAIO,VGN,-,FZ61B,CORE2,T7250,Windows7,32Bit,Ф√╟Е⌠│,80G,,,,,,,,,,,,,,
584,И≥░Е╝ ,1,Е▐╟,SONY,VAIO,Fit,15A,SVF15N18DJP,Ц┐■Ц┐ЁЦ┌╞,/,Ф√╟Е⌠│,Д©²Х╗╪,Д╩≤,,,,,,,,,,,,
585,SONY,VAIO,PCG,-,GR7E,PCG,-,882N,Ц┐║Ц┐╒Ц┐╙,/,HDD,Ц│╓Ц│█,Ц┌╦Ц┐ёЦ┐ЁЦ┌╞,,,,,,,,,,,,
586,И≥░Е╝ ,1,Е▐╟,SONY,VAIO,Fit,15E,SVF15317DJW,Ц┐⌡Ц┐╞Ц┌╓Ц┐┬,/,Ф√╟Е⌠│,Д©²Х╗╪,Д╩≤,,,,,,,,,,,,
587,Ц┌╜Ц┐╪Ц┐°Ц┐╪Ц┐┴,Х▀╠Е╜≈,VGN,-,NR50,/,VGN,-,NR51,/,VGN,-,NR52,/,VGN,-,NR71,/,VGN,-,NR72,,,,
588,NoM141,VAIO,VGN,-,N50HB,CelM1,.,73GHz,?/,SDVD,/,WLAN,/,И─ И⌡╩,NG,/,Junk,,,,,,,,
